sentence_id,sentence,cleaned_sentence,tokens
0,"_
            In the House of Tom Bombadil

     The four hobbits stepped over the wide stone threshold, and stood still, blinking.",in the house of tom bombadil the four hobbits stepped over the wide stone threshold and stood still blinking,house tom bombadil four hobbits stepped wide stone threshold stood still blinking
1,"They were in a long low room, filled with the light of lamps swinging from the beams of the roof; and on the table of dark polished wood stood many candles, tall and yellow, burning brightly.",they were in a long low room filled with the light of lamps swinging from the beams of the roof and on the table of dark polished wood stood many candles tall and yellow burning brightly,long low room filled light lamps swinging beams roof table dark polished wood stood many candles tall yellow burning brightly
2,"In a chair, at the far side of the room facing the outer door, sat a woman.",in a chair at the far side of the room facing the outer door sat a woman,chair far side room facing outer door sat woman
3,"Her long yellow hair rippled down her shoulders; her gown was green, green as young reeds, shot with silver like beads of dew; and her belt was of gold, shaped like a chain of flag-lilies set with the pale-blue eyes of forget-me-nots.",her long yellow hair rippled down her shoulders her gown was green green as young reeds shot with silver like beads of dew and her belt was of gold shaped like a chain of flaglilies set with the paleblue eyes of forgetmenots,long yellow hair rippled shoulders gown green green young reeds shot silver like beads dew belt gold shaped like chain flaglilies set paleblue eyes forgetmenots
4,"About her feel in wide vessels of green and brown earthenware, white water-lilies were floating, so that she seemed to be enthroned in the midst of a pool.",about her feel in wide vessels of green and brown earthenware white waterlilies were floating so that she seemed to be enthroned in the midst of a pool,feel wide vessels green brown earthenware white waterlilies floating seemed enthroned midst pool
5,"'Enter, good guests!'",enter good guests,enter good guests
6,"she said, and as she spoke they knew that it was her clear voice they had heard singing.",she said and as she spoke they knew that it was her clear voice they had heard singing,said spoke knew clear voice heard singing
7,"They came a few timid steps further into the room, and began to bow low, feeling strangely surprised and awkward, like folk that, knocking at a cottage door to beg for a drink of water, have been answered by a fair young elf-queen clad in living flowers.",they came a few timid steps further into the room and began to bow low feeling strangely surprised and awkward like folk that knocking at a cottage door to beg for a drink of water have been answered by a fair young elfqueen clad in living flowers,came timid steps room began bow low feeling strangely surprised awkward like folk knocking cottage door beg drink water answered fair young elfqueen clad living flowers
8,"But before they could say anything, she sprang lightly up and over the lily-bowls, and ran laughing towards them; and as she ran her gown rustled softly like the wind in the flowering borders of a river.",but before they could say anything she sprang lightly up and over the lilybowls and ran laughing towards them and as she ran her gown rustled softly like the wind in the flowering borders of a river,could say anything sprang lightly lilybowls ran laughing towards ran gown rustled softly like wind flowering borders river
9,'Come dear folk!',come dear folk,come dear folk
10,"she said, taking Frodo by the hand.",she said taking frodo by the hand,said taking frodo hand
11,'Laugh and be merry!,laugh and be merry,laugh merry
12,"I am Goldberry, daughter of the River.'",i am goldberry daughter of the river,goldberry daughter river
13,"Then lightly she passed them and closing the door she turned her back to it, with her white arms spread out across it.",then lightly she passed them and closing the door she turned her back to it with her white arms spread out across it,lightly passed closing door turned back white arms spread across
14,'Let us shut out the night!',let us shut out the night,let us shut night
15,she said.,she said,said
16,"'For you are still afraid, perhaps, of mist and tree-shadows and deep water, and untame things.",for you are still afraid perhaps of mist and treeshadows and deep water and untame things,still afraid perhaps mist treeshadows deep water untame things
17,Fear nothing!,fear nothing,fear nothing
18,For tonight you are under the roof of Tom Bombadil.',for tonight you are under the roof of tom bombadil,tonight roof tom bombadil
19,The hobbits looked at her in wonder; and she looked at each of them and smiled.,the hobbits looked at her in wonder and she looked at each of them and smiled,hobbits looked wonder looked smiled
20,'Fair lady Goldberry!',fair lady goldberry,fair lady goldberry
21,"said Frodo at last, feeling his heart moved with a joy that he did not understand.",said frodo at last feeling his heart moved with a joy that he did not understand,said frodo last feeling heart moved joy understand
22,"He stood as he had at times stood enchanted by fair elven-voices; but the spell that was now laid upon him was different: less keen and lofty was the delight, but deeper and nearer to mortal heart; marvellous and yet not strange.",he stood as he had at times stood enchanted by fair elvenvoices but the spell that was now laid upon him was different less keen and lofty was the delight but deeper and nearer to mortal heart marvellous and yet not strange,stood times stood enchanted fair elvenvoices spell laid upon different less keen lofty delight deeper nearer mortal heart marvellous yet strange
23,'Fair lady Goldberry!',fair lady goldberry,fair lady goldberry
24,he said again.,he said again,said
25,'Now the joy that was hidden in the songs we heard is made plain to me.,now the joy that was hidden in the songs we heard is made plain to me,joy hidden songs heard made plain
26,O slender as a willow-wand!,o slender as a willowwand,slender willowwand
27,O clearer than clear water!,o clearer than clear water,clearer clear water
28,O reed by the living pool!,o reed by the living pool,reed living pool
29,Fair River-daughter!,fair riverdaughter,fair riverdaughter
30,"O spring-time and summer-time, and spring again after!",o springtime and summertime and spring again after,springtime summertime spring
31,"O wind on the waterfall, and the leaves' laughter!'",o wind on the waterfall and the leaves laughter,wind waterfall leaves laughter
32,"Suddenly he stopped and stammered, overcome with surprise to hear himself saying such things.",suddenly he stopped and stammered overcome with surprise to hear himself saying such things,suddenly stopped stammered overcome surprise hear saying things
33,But Goldberry laughed.,but goldberry laughed,goldberry laughed
34,'Welcome!',welcome,welcome
35,she said.,she said,said
36,'I had not heard that folk of the Shire were so sweet-tongued.,i had not heard that folk of the shire were so sweettongued,heard folk shire sweettongued
37,But I see you are an elf-friend; the light in your eyes and the ring in your voice tells it.,but i see you are an elffriend the light in your eyes and the ring in your voice tells it,see elffriend light eyes ring voice tells
38,This is a merry meeting!,this is a merry meeting,merry meeting
39,"Sit now, and wait for the Master of the house!",sit now and wait for the master of the house,sit wait master house
40,He will not be long.,he will not be long,long
41,He is tending your tired beasts.',he is tending your tired beasts,tending tired beasts
42,"The hobbits sat down gladly in low rush-seated chairs, while Goldberry busied herself about the table; and their eyes followed her, for the slender grace of her movement filled them with quiet delight.",the hobbits sat down gladly in low rushseated chairs while goldberry busied herself about the table and their eyes followed her for the slender grace of her movement filled them with quiet delight,hobbits sat gladly low rushseated chairs goldberry busied table eyes followed slender grace movement filled quiet delight
43,From somewhere behind the house came the sound of singing.,from somewhere behind the house came the sound of singing,somewhere behind house came sound singing
44,"Every now and again they caught, among many a _derry dol_ and a _merry dol_ and a _ring a ding dillo_ the repeated words:

          Old Tom Bombadil is a merry fellow;
           Bright blue his jacket is, and his boots are yellow.",every now and again they caught among many a derry dol and a merry dol and a ring a ding dillo the repeated words old tom bombadil is a merry fellow bright blue his jacket is and his boots are yellow,every caught among many derry dol merry dol ring ding dillo repeated words old tom bombadil merry fellow bright blue jacket boots yellow
45,'Fair lady!',fair lady,fair lady
46,said Frodo again after a while.,said frodo again after a while,said frodo
47,"'Tell me, if my asking does not seem foolish, who is Tom Bombadil?'",tell me if my asking does not seem foolish who is tom bombadil,tell asking seem foolish tom bombadil
48,"'He is,' said Goldberry, staying her swift movements and smiling.",he is said goldberry staying her swift movements and smiling,said goldberry staying swift movements smiling
49,Frodo looked at her questioningly.,frodo looked at her questioningly,frodo looked questioningly
50,"'He is, as you have seen him,' she said in answer to his look.",he is as you have seen him she said in answer to his look,seen said answer look
51,"'He is the Master of wood, water, and hill.'",he is the master of wood water and hill,master wood water hill
52,'Then all this strange land belongs to him?',then all this strange land belongs to him,strange land belongs
53,'No indeed!',no indeed,indeed
54,"she answered, and her smile faded.",she answered and her smile faded,answered smile faded
55,"'That would indeed be a burden,' she added in a low voice, as if to herself.",that would indeed be a burden she added in a low voice as if to herself,would indeed burden added low voice
56,'The trees and the grasses and all things growing or living in the land belong each to themselves.,the trees and the grasses and all things growing or living in the land belong each to themselves,trees grasses things growing living land belong
57,Tom Bombadil is the Master.,tom bombadil is the master,tom bombadil master
58,"No one has ever caught old Tom walking in the forest, wading in the water, leaping on the hill-tops under light and shadow.",no one has ever caught old tom walking in the forest wading in the water leaping on the hilltops under light and shadow,one ever caught old tom walking forest wading water leaping hilltops light shadow
59,He has no fear.,he has no fear,fear
60,Tom Bombadil is master.',tom bombadil is master,tom bombadil master
61,A door opened and in came Tom Bombadil.,a door opened and in came tom bombadil,door opened came tom bombadil
62,He had now no hat and his thick brown hair was crowned with autumn leaves.,he had now no hat and his thick brown hair was crowned with autumn leaves,hat thick brown hair crowned autumn leaves
63,"He laughed, and going to Goldberry, took her hand.",he laughed and going to goldberry took her hand,laughed going goldberry took hand
64,'Here's my pretty lady!',heres my pretty lady,heres pretty lady
65,"he said, bowing to the hobbits.",he said bowing to the hobbits,said bowing hobbits
66,'Here's my Goldberry clothed all in silver-green with flowers in her girdle!,heres my goldberry clothed all in silvergreen with flowers in her girdle,heres goldberry clothed silvergreen flowers girdle
67,Is the table laden?,is the table laden,table laden
68,"I see yellow cream and honeycomb, and white bread, and butter; milk, cheese, and green herbs and ripe berries gathered.",i see yellow cream and honeycomb and white bread and butter milk cheese and green herbs and ripe berries gathered,see yellow cream honeycomb white bread butter milk cheese green herbs ripe berries gathered
69,Is that enough for us?,is that enough for us,enough us
70,Is the supper ready?',is the supper ready,supper ready
71,"'It is,' said Goldberry; 'but the guests perhaps are not?'",it is said goldberry but the guests perhaps are not,said goldberry guests perhaps
72,"Tom clapped his hands and cried: 'Tom, Tom!",tom clapped his hands and cried tom tom,tom clapped hands cried tom tom
73,"your guests are tired, and you had near forgotten!",your guests are tired and you had near forgotten,guests tired near forgotten
74,"Come now, my merry friends, and Tom will refresh you!",come now my merry friends and tom will refresh you,come merry friends tom refresh
75,"You shall clean grimy hands, and wash your weary faces; cast off your muddy cloaks and comb out your tangles!'",you shall clean grimy hands and wash your weary faces cast off your muddy cloaks and comb out your tangles,shall clean grimy hands wash weary faces cast muddy cloaks comb tangles
76,"He opened the door, and they followed him down a short passage and round a sharp turn.",he opened the door and they followed him down a short passage and round a sharp turn,opened door followed short passage round sharp turn
77,"They came to a low room with a sloping roof (a penthouse, it seemed, built on to the north end of the house).",they came to a low room with a sloping roof a penthouse it seemed built on to the north end of the house,came low room sloping roof penthouse seemed built north end house
78,"Its walls were of clean stone, but they were mostly covered with green hanging mats and yellow curtains.",its walls were of clean stone but they were mostly covered with green hanging mats and yellow curtains,walls clean stone mostly covered green hanging mats yellow curtains
79,"The floor was flagged, and strewn with fresh green rushes.",the floor was flagged and strewn with fresh green rushes,floor flagged strewn fresh green rushes
80,"There were four deep mattresses, each piled with white blankets, laid on the floor along one side.",there were four deep mattresses each piled with white blankets laid on the floor along one side,four deep mattresses piled white blankets laid floor along one side
81,"Against the opposite wall was a long bench laden with wide earthenware basins, and beside it stood brown ewers filled with water, some cold, some steaming hot.",against the opposite wall was a long bench laden with wide earthenware basins and beside it stood brown ewers filled with water some cold some steaming hot,opposite wall long bench laden wide earthenware basins beside stood brown ewers filled water cold steaming hot
82,There were soft green slippers set ready beside each bed.,there were soft green slippers set ready beside each bed,soft green slippers set ready beside bed
83,"Before long, washed and refreshed, the hobbits were seated at the table, two on each side, while at either end sat Goldberry and the Master.",before long washed and refreshed the hobbits were seated at the table two on each side while at either end sat goldberry and the master,long washed refreshed hobbits seated table two side either end sat goldberry master
84,It was a long and merry meal.,it was a long and merry meal,long merry meal
85,"Though the hobbits ate, as only famished hobbits can eat, there was no lack.",though the hobbits ate as only famished hobbits can eat there was no lack,though hobbits ate famished hobbits eat lack
86,"The drink in their drinking-bowls seemed to be clear cold water, yet it went to their hearts like wine and set free their voices.",the drink in their drinkingbowls seemed to be clear cold water yet it went to their hearts like wine and set free their voices,drink drinkingbowls seemed clear cold water yet went hearts like wine set free voices
87,"The guests became suddenly aware that they were singing merrily, as if it was easier and more natural than talking.",the guests became suddenly aware that they were singing merrily as if it was easier and more natural than talking,guests became suddenly aware singing merrily easier natural talking
88,At last Tom and Goldberry rose and cleared the table swiftly.,at last tom and goldberry rose and cleared the table swiftly,last tom goldberry rose cleared table swiftly
89,"The guests were commanded to sit quiet, and were set in chairs, each with a footstool to his tired feet.",the guests were commanded to sit quiet and were set in chairs each with a footstool to his tired feet,guests commanded sit quiet set chairs footstool tired feet
90,"There was a fire in the wide hearth before them, and it was burning with a sweet smell, as if it were built of apple-wood.",there was a fire in the wide hearth before them and it was burning with a sweet smell as if it were built of applewood,fire wide hearth burning sweet smell built applewood
91,"When everything was set in order, all the lights in the room were put out, except one lamp and a pair of candles at each end of the chimney-shelf.",when everything was set in order all the lights in the room were put out except one lamp and a pair of candles at each end of the chimneyshelf,everything set order lights room put except one lamp pair candles end chimneyshelf
92,"Then Goldberry came and stood before them, holding a candle; and she wished them each a good night and deep sleep.",then goldberry came and stood before them holding a candle and she wished them each a good night and deep sleep,goldberry came stood holding candle wished good night deep sleep
93,"'Have peace now,' she said, 'until the morning!",have peace now she said until the morning,peace said morning
94,Heed no nightly noises!,heed no nightly noises,heed nightly noises
95,For nothing passes door and window here save moonlight and starlight and the wind off the hill-top.,for nothing passes door and window here save moonlight and starlight and the wind off the hilltop,nothing passes door window save moonlight starlight wind hilltop
96,Good night!',good night,good night
97,She passed out of the room with a glimmer and a rustle.,she passed out of the room with a glimmer and a rustle,passed room glimmer rustle
98,The sound of her footsteps was like a stream falling gently away downhill over cool stones in the quiet of night.,the sound of her footsteps was like a stream falling gently away downhill over cool stones in the quiet of night,sound footsteps like stream falling gently away downhill cool stones quiet night
99,"Tom sat on a while beside them in silence, while each of them tried to muster the courage to ask one of the many questions he had meant to ask at supper.",tom sat on a while beside them in silence while each of them tried to muster the courage to ask one of the many questions he had meant to ask at supper,tom sat beside silence tried muster courage ask one many questions meant ask supper
100,Sleep gathered on their eyelids.,sleep gathered on their eyelids,sleep gathered eyelids
101,"At last Frodo spoke:
     'Did you hear me calling, Master, or was it just chance that brought you at that moment?'",at last frodo spoke did you hear me calling master or was it just chance that brought you at that moment,last frodo spoke hear calling master chance brought moment
102,Tom stirred like a man shaken out of a pleasant dream.,tom stirred like a man shaken out of a pleasant dream,tom stirred like man shaken pleasant dream
103,"'Eh, what?'",eh what,eh
104,said he.,said he,said
105,'Did I hear you calling?,did i hear you calling,hear calling
106,"Nay, I did not hear: I was busy singing.",nay i did not hear i was busy singing,nay hear busy singing
107,"Just chance brought me then, if chance you call it.",just chance brought me then if chance you call it,chance brought chance call
108,"It was no plan of mine, though I was waiting for you.",it was no plan of mine though i was waiting for you,plan mine though waiting
109,"We heard news of you, and learned that you were wandering.",we heard news of you and learned that you were wandering,heard news learned wandering
110,"We guessed you'd come ere long down to the water: all paths lead that way, down to Withywindle.",we guessed youd come ere long down to the water all paths lead that way down to withywindle,guessed youd come ere long water paths lead way withywindle
111,"Old grey Willow-man, he's a mighty singer; and it's hard for little folk to escape his cunning mazes.",old grey willowman hes a mighty singer and its hard for little folk to escape his cunning mazes,old grey willowman hes mighty singer hard little folk escape cunning mazes
112,"But Tom had an errand there, that he dared not hinder.'",but tom had an errand there that he dared not hinder,tom errand dared hinder
113,"Tom nodded as if sleep was taking him again; but he went on in a soft singing voice:

          I had an errand there: gathering water-lilies,
           green leaves and lilies white to please my pretty lady,
           the last ere the year's end to keep them from the winter,
           to flower by her pretty feet tilt the snows are melted.",tom nodded as if sleep was taking him again but he went on in a soft singing voice i had an errand there gathering waterlilies green leaves and lilies white to please my pretty lady the last ere the years end to keep them from the winter to flower by her pretty feet tilt the snows are melted,tom nodded sleep taking went soft singing voice errand gathering waterlilies green leaves lilies white please pretty lady last ere years end keep winter flower pretty feet tilt snows melted
114,"Each year at summer's end I go to find them for her,
           in a wide pool, deep and clear, far down Withywindle;
           there they open first in spring and there they linger latest.",each year at summers end i go to find them for her in a wide pool deep and clear far down withywindle there they open first in spring and there they linger latest,year summers end go find wide pool deep clear far withywindle open first spring linger latest
115,"By that pool long ago I found the River-daughter,
           fair young Goldberry sitting in the rushes.",by that pool long ago i found the riverdaughter fair young goldberry sitting in the rushes,pool long ago found riverdaughter fair young goldberry sitting rushes
116,"Sweet was her singing then, and her heart was beating!",sweet was her singing then and her heart was beating,sweet singing heart beating
117,"He opened his eyes and looked at them with a sudden glint of blue:

          And that proved well for you  for now I shall no longer
           go down deep again along the forest-water,
           not while the year is old.",he opened his eyes and looked at them with a sudden glint of blue and that proved well for you for now i shall no longer go down deep again along the forestwater not while the year is old,opened eyes looked sudden glint blue proved well shall longer go deep along forestwater year old
118,"Nor shall I be passing
           Old Man Willow's house this side of spring-time,
           not till the merry spring, when the River-daughter
           dances down the withy-path to bathe in the water.",nor shall i be passing old man willows house this side of springtime not till the merry spring when the riverdaughter dances down the withypath to bathe in the water,shall passing old man willows house side springtime till merry spring riverdaughter dances withypath bathe water
119,He fell silent again; but Frodo could not help asking one more question: the one he most desired to have answered.,he fell silent again but frodo could not help asking one more question the one he most desired to have answered,fell silent frodo could help asking one question one desired answered
120,"'Tell us, Master,' he said, 'about the Willow-man.",tell us master he said about the willowman,tell us master said willowman
121,What is he?,what is he,
122,I have never heard of him before.',i have never heard of him before,never heard
123,"'No, don't!'",no dont,dont
124,"said Merry and Pippin together, sitting suddenly upright.",said merry and pippin together sitting suddenly upright,said merry pippin together sitting suddenly upright
125,'Not now!,not now,
126,Not until the morning!',not until the morning,morning
127,'That is right!',that is right,right
128,said the old man.,said the old man,said old man
129,'Now is the time for resting.,now is the time for resting,time resting
130,Some things are ill to hear when the world's in shadow.,some things are ill to hear when the worlds in shadow,things ill hear worlds shadow
131,"Sleep till the morning-light, rest on the pillow!",sleep till the morninglight rest on the pillow,sleep till morninglight rest pillow
132,Heed no nightly noise!,heed no nightly noise,heed nightly noise
133,Fear no grey willow!',fear no grey willow,fear grey willow
134,"And with that he took down the lamp and blew it out, and grasping a candle in either hand he led them out of the room.",and with that he took down the lamp and blew it out and grasping a candle in either hand he led them out of the room,took lamp blew grasping candle either hand led room
135,"Their mattresses and pillows were soft as down, and the blankets were of white wool.",their mattresses and pillows were soft as down and the blankets were of white wool,mattresses pillows soft blankets white wool
136,They had hardly laid themselves on the deep beds and drawn the light covers over them before they were asleep.,they had hardly laid themselves on the deep beds and drawn the light covers over them before they were asleep,hardly laid deep beds drawn light covers asleep
137,"In the dead night, Frodo lay in a dream without light.",in the dead night frodo lay in a dream without light,dead night frodo lay dream without light
138,"Then he saw the young moon rising; under its thin light there loomed before him a black wall of rock, pierced by a dark arch like a great gate.",then he saw the young moon rising under its thin light there loomed before him a black wall of rock pierced by a dark arch like a great gate,saw young moon rising thin light loomed black wall rock pierced dark arch like great gate
139,"It seemed to Frodo that he was lifted up, and passing over he saw that the rock-wall was a circle of hills, and that within it was a plain, and in the midst of the plain stood a pinnacle of stone, like a vast tower but not made by hands.",it seemed to frodo that he was lifted up and passing over he saw that the rockwall was a circle of hills and that within it was a plain and in the midst of the plain stood a pinnacle of stone like a vast tower but not made by hands,seemed frodo lifted passing saw rockwall circle hills within plain midst plain stood pinnacle stone like vast tower made hands
140,On its top stood the figure of a man.,on its top stood the figure of a man,top stood figure man
141,The moon as it rose seemed to hang for a moment above his head and glistened in his white hair as the wind stirred it.,the moon as it rose seemed to hang for a moment above his head and glistened in his white hair as the wind stirred it,moon rose seemed hang moment head glistened white hair wind stirred
142,"Up from the dark plain below came the crying of fell voices, and the howling of many wolves.",up from the dark plain below came the crying of fell voices and the howling of many wolves,dark plain came crying fell voices howling many wolves
143,"Suddenly a shadow, like the shape of great wings, passed across the moon.",suddenly a shadow like the shape of great wings passed across the moon,suddenly shadow like shape great wings passed across moon
144,The figure lifted his arms and a light flashed from the staff that he wielded.,the figure lifted his arms and a light flashed from the staff that he wielded,figure lifted arms light flashed staff wielded
145,A mighty eagle swept down and bore him away.,a mighty eagle swept down and bore him away,mighty eagle swept bore away
146,The voices wailed and the wolves yammered.,the voices wailed and the wolves yammered,voices wailed wolves yammered
147,"There was a noise like a strong wind blowing, and on it was borne the sound of hoofs, galloping, galloping, galloping from the East.",there was a noise like a strong wind blowing and on it was borne the sound of hoofs galloping galloping galloping from the east,noise like strong wind blowing borne sound hoofs galloping galloping galloping east
148,'Black Riders!',black riders,black riders
149,"thought Frodo as he wakened, with the sound of the hoofs still echoing in his mind.",thought frodo as he wakened with the sound of the hoofs still echoing in his mind,thought frodo wakened sound hoofs still echoing mind
150,He wondered if he would ever again have the courage to leave the safety of these stone walls.,he wondered if he would ever again have the courage to leave the safety of these stone walls,wondered would ever courage leave safety stone walls
151,"He lay motionless, still listening; but all was now silent, and at last he turned and fell asleep again or wandered into some other unremembered dream.",he lay motionless still listening but all was now silent and at last he turned and fell asleep again or wandered into some other unremembered dream,lay motionless still listening silent last turned fell asleep wandered unremembered dream
152,At his side Pippin lay dreaming pleasantly; but a change came over his dreams and he turned and groaned.,at his side pippin lay dreaming pleasantly but a change came over his dreams and he turned and groaned,side pippin lay dreaming pleasantly change came dreams turned groaned
153,"Suddenly he woke, or thought he had waked, and yet still heard in the darkness the sound that had disturbed his dream: _tip-tap, squeak_: the noise was like branches fretting in the wind, twig-fingers scraping wall and window: _creak, creak, creak._ He wondered if there were willow-trees close to the house; and then suddenly he had a dreadful feeling that he was not in an ordinary house at all, but inside the willow and listening to that horrible dry creaking voice laughing at him again.",suddenly he woke or thought he had waked and yet still heard in the darkness the sound that had disturbed his dream tiptap squeak the noise was like branches fretting in the wind twigfingers scraping wall and window creak creak creak he wondered if there were willowtrees close to the house and then suddenly he had a dreadful feeling that he was not in an ordinary house at all but inside the willow and listening to that horrible dry creaking voice laughing at him again,suddenly woke thought waked yet still heard darkness sound disturbed dream tiptap squeak noise like branches fretting wind twigfingers scraping wall window creak creak creak wondered willowtrees close house suddenly dreadful feeling ordinary house inside willow listening horrible dry creaking voice laughing
154,"He sat up, and felt the soft pillows yield to his hands, and he lay down again relieved.",he sat up and felt the soft pillows yield to his hands and he lay down again relieved,sat felt soft pillows yield hands lay relieved
155,He seemed to hear the echo of words in his ears: 'Fear nothing!,he seemed to hear the echo of words in his ears fear nothing,seemed hear echo words ears fear nothing
156,Have peace until the morning!,have peace until the morning,peace morning
157,Heed no nightly noises!',heed no nightly noises,heed nightly noises
158,Then he went to sleep again.,then he went to sleep again,went sleep
159,"It was the sound of water that Merry heard falling into his quiet sleep: water streaming down gently, and then spreading, spreading irresistibly all round the house into a dark shoreless pool.",it was the sound of water that merry heard falling into his quiet sleep water streaming down gently and then spreading spreading irresistibly all round the house into a dark shoreless pool,sound water merry heard falling quiet sleep water streaming gently spreading spreading irresistibly round house dark shoreless pool
160,"It gurgled under the walls, and was rising slowly but surely.",it gurgled under the walls and was rising slowly but surely,gurgled walls rising slowly surely
161,'I shall be drowned!',i shall be drowned,shall drowned
162,he thought.,he thought,thought
163,"It will find its way in, and then I shall drown.'",it will find its way in and then i shall drown,find way shall drown
164,"He felt that he was lying in a soft slimy bog, and springing up he set his fool on the corner of a cold hard flagstone.",he felt that he was lying in a soft slimy bog and springing up he set his fool on the corner of a cold hard flagstone,felt lying soft slimy bog springing set fool corner cold hard flagstone
165,Then he remembered where he was and lay down again.,then he remembered where he was and lay down again,remembered lay
166,He seemed to hear or remember hearing: 'Nothing passes doors or windows save moonlight and starlight and the wind off the hill-top.',he seemed to hear or remember hearing nothing passes doors or windows save moonlight and starlight and the wind off the hilltop,seemed hear remember hearing nothing passes doors windows save moonlight starlight wind hilltop
167,A little breath of sweet air moved the curtain.,a little breath of sweet air moved the curtain,little breath sweet air moved curtain
168,He breathed deep and fell asleep again.,he breathed deep and fell asleep again,breathed deep fell asleep
169,"As far as he could remember, Sam slept through the night in deep content, if logs are contented.",as far as he could remember sam slept through the night in deep content if logs are contented,far could remember sam slept night deep content logs contented
170,"They woke up, all four at once, in the morning light.",they woke up all four at once in the morning light,woke four morning light
171,Tom was moving about the room whistling like a starling.,tom was moving about the room whistling like a starling,tom moving room whistling like starling
172,"When he heard them stir he clapped his hands, and cried: 'Hey!",when he heard them stir he clapped his hands and cried hey,heard stir clapped hands cried hey
173,Come merry dol!,come merry dol,come merry dol
174,derry dol!,derry dol,derry dol
175,My hearties!',my hearties,hearties
176,"He drew back the yellow curtains, and the hobbits saw that these had covered the windows, at either end of the room, one looking east and the other looking west.",he drew back the yellow curtains and the hobbits saw that these had covered the windows at either end of the room one looking east and the other looking west,drew back yellow curtains hobbits saw covered windows either end room one looking east looking west
177,They leapt up refreshed.,they leapt up refreshed,leapt refreshed
178,"Frodo ran to the eastern window, and found himself looking into a kitchen-garden grey with dew.",frodo ran to the eastern window and found himself looking into a kitchengarden grey with dew,frodo ran eastern window found looking kitchengarden grey dew
179,"He had half expected to see turf right up to the walls, turf all pocked with hoof-prints.",he had half expected to see turf right up to the walls turf all pocked with hoofprints,half expected see turf right walls turf pocked hoofprints
180,Actually his view was screened by a tall line of beans on poles; but above and far beyond them the grey top of the hill loomed up against the sunrise.,actually his view was screened by a tall line of beans on poles but above and far beyond them the grey top of the hill loomed up against the sunrise,actually view screened tall line beans poles far beyond grey top hill loomed sunrise
181,"It was a pale morning: in the East, behind long clouds like lines of soiled wool stained red at the edges, lay glimmering deeps of yellow.",it was a pale morning in the east behind long clouds like lines of soiled wool stained red at the edges lay glimmering deeps of yellow,pale morning east behind long clouds like lines soiled wool stained red edges lay glimmering deeps yellow
182,"The sky spoke of rain to come; but the light was broadening quickly, and the red flowers on the beans began to glow against the wet green leaves.",the sky spoke of rain to come but the light was broadening quickly and the red flowers on the beans began to glow against the wet green leaves,sky spoke rain come light broadening quickly red flowers beans began glow wet green leaves
183,"Pippin looked out of the western window, down into a pool of mist.",pippin looked out of the western window down into a pool of mist,pippin looked western window pool mist
184,The Forest was hidden under a fog.,the forest was hidden under a fog,forest hidden fog
185,It was like looking down on to a sloping cloud-roof from above.,it was like looking down on to a sloping cloudroof from above,like looking sloping cloudroof
186,There was a fold or channel where the mist was broken into many plumes and billows; the valley of the Withywindle.,there was a fold or channel where the mist was broken into many plumes and billows the valley of the withywindle,fold channel mist broken many plumes billows valley withywindle
187,The stream ran down the hill on the left and vanished into the white shadows.,the stream ran down the hill on the left and vanished into the white shadows,stream ran hill left vanished white shadows
188,"Near at hand was a flower-garden and a clipped hedge silver-netted, and beyond that grey shaven grass pale with dew-drops.",near at hand was a flowergarden and a clipped hedge silvernetted and beyond that grey shaven grass pale with dewdrops,near hand flowergarden clipped hedge silvernetted beyond grey shaven grass pale dewdrops
189,There was no willow-tree to be seen.,there was no willowtree to be seen,willowtree seen
190,"'Good morning, merry friends!'",good morning merry friends,good morning merry friends
191,"cried Tom, opening the eastern window wide.",cried tom opening the eastern window wide,cried tom opening eastern window wide
192,A cool air flowed in; it had a rainy smell.,a cool air flowed in it had a rainy smell,cool air flowed rainy smell
193,'Sun won't show her face much today.,sun wont show her face much today,sun wont show face much today
194,I'm thinking.,im thinking,im thinking
195,"I have been walking wide, leaping on the hilltops, since the grey dawn began, nosing wind and weather, wet grass underfoot, wet sky above me.",i have been walking wide leaping on the hilltops since the grey dawn began nosing wind and weather wet grass underfoot wet sky above me,walking wide leaping hilltops since grey dawn began nosing wind weather wet grass underfoot wet sky
196,I wakened Goldberry singing under window; but nought wakes hobbit-folk in the early morning.,i wakened goldberry singing under window but nought wakes hobbitfolk in the early morning,wakened goldberry singing window nought wakes hobbitfolk early morning
197,"In the night little folk wake up in the darkness, and sleep after light has come!",in the night little folk wake up in the darkness and sleep after light has come,night little folk wake darkness sleep light come
198,Ring a ding dillo!,ring a ding dillo,ring ding dillo
199,"Wake now, my merry friends!",wake now my merry friends,wake merry friends
200,Forget the nightly noises!,forget the nightly noises,forget nightly noises
201,Ring a ding dillo del!,ring a ding dillo del,ring ding dillo del
202,"derry del, my hearties!",derry del my hearties,derry del hearties
203,If you come soon you'll find breakfast on the table.,if you come soon youll find breakfast on the table,come soon youll find breakfast table
204,If you come late you'll get grass and rain-water!',if you come late youll get grass and rainwater,come late youll get grass rainwater
205,"Needless to say  not that Tom's threat sounded very serious  the hobbits came soon, and left the table late and only when it was beginning lo look rather empty.",needless to say not that toms threat sounded very serious the hobbits came soon and left the table late and only when it was beginning lo look rather empty,needless say toms threat sounded serious hobbits came soon left table late beginning lo look rather empty
206,Neither Tom nor Goldberry were there.,neither tom nor goldberry were there,neither tom goldberry
207,"Tom could be heard about the house, clattering in the kitchen, and up and down the stairs, and singing here and there outside.",tom could be heard about the house clattering in the kitchen and up and down the stairs and singing here and there outside,tom could heard house clattering kitchen stairs singing outside
208,"The room looked westward over the mist-clouded valley, and the window was open.",the room looked westward over the mistclouded valley and the window was open,room looked westward mistclouded valley window open
209,Water dripped down from the thatched eaves above.,water dripped down from the thatched eaves above,water dripped thatched eaves
210,"Before they had finished breakfast the clouds had joined into an unbroken roof, and a straight grey rain came softly and steadily down.",before they had finished breakfast the clouds had joined into an unbroken roof and a straight grey rain came softly and steadily down,finished breakfast clouds joined unbroken roof straight grey rain came softly steadily
211,Behind its deep curtain the Forest was completely veiled.,behind its deep curtain the forest was completely veiled,behind deep curtain forest completely veiled
212,"As they looked out of the window there came falling gently as if it was flowing down the rain out of the sky, the clear voice of Goldberry singing up above them.",as they looked out of the window there came falling gently as if it was flowing down the rain out of the sky the clear voice of goldberry singing up above them,looked window came falling gently flowing rain sky clear voice goldberry singing
213,"They could hear few words, but it seemed plain to them that the song was a rain-song, as sweet as showers on dry hills, that told the tale of a river from the spring in the highlands to the Sea far below.",they could hear few words but it seemed plain to them that the song was a rainsong as sweet as showers on dry hills that told the tale of a river from the spring in the highlands to the sea far below,could hear words seemed plain song rainsong sweet showers dry hills told tale river spring highlands sea far
214,"The hobbits listened with delight; and Frodo was glad in his heart, and blessed the kindly weather, because it delayed them from departing.",the hobbits listened with delight and frodo was glad in his heart and blessed the kindly weather because it delayed them from departing,hobbits listened delight frodo glad heart blessed kindly weather delayed departing
215,The thought of going had been heavy upon him from the moment he awoke; but he guessed now that they would not go further that day.,the thought of going had been heavy upon him from the moment he awoke but he guessed now that they would not go further that day,thought going heavy upon moment awoke guessed would go day
216,The upper wind settled in the West and deeper and wetter clouds rolled up to spill their laden rain on the bare heads of the Downs.,the upper wind settled in the west and deeper and wetter clouds rolled up to spill their laden rain on the bare heads of the downs,upper wind settled west deeper wetter clouds rolled spill laden rain bare heads downs
217,Nothing could be seen all round the house but falling water.,nothing could be seen all round the house but falling water,nothing could seen round house falling water
218,Frodo stood near the open door and watched the white chalky path turn into a little river of milk and go bubbling away down into the valley.,frodo stood near the open door and watched the white chalky path turn into a little river of milk and go bubbling away down into the valley,frodo stood near open door watched white chalky path turn little river milk go bubbling away valley
219,"Tom Bombadil came trotting round the corner of the house, waving his arms as if he was warding off the rain  and indeed when he sprang over the threshold he seemed quite dry, except for his boots.",tom bombadil came trotting round the corner of the house waving his arms as if he was warding off the rain and indeed when he sprang over the threshold he seemed quite dry except for his boots,tom bombadil came trotting round corner house waving arms warding rain indeed sprang threshold seemed quite dry except boots
220,These he took off and put in the chimney-corner.,these he took off and put in the chimneycorner,took put chimneycorner
221,Then he sat in the largest chair and called the hobbits to gather round him.,then he sat in the largest chair and called the hobbits to gather round him,sat largest chair called hobbits gather round
222,"'This is Goldberry's washing day,' he said, 'and her autumn-cleaning.",this is goldberrys washing day he said and her autumncleaning,goldberrys washing day said autumncleaning
223,Too wet for hobbit-folk  let them rest while they are able!,too wet for hobbitfolk let them rest while they are able,wet hobbitfolk let rest able
224,"It's a good day for long tales, for questions and for answers, so Tom will start the talking.'",its a good day for long tales for questions and for answers so tom will start the talking,good day long tales questions answers tom start talking
225,"He then told them many remarkable stories, sometimes half as if speaking to himself, sometimes looking at them suddenly with a bright blue eye under his deep brows.",he then told them many remarkable stories sometimes half as if speaking to himself sometimes looking at them suddenly with a bright blue eye under his deep brows,told many remarkable stories sometimes half speaking sometimes looking suddenly bright blue eye deep brows
226,"Often his voice would turn to song, and he would get out of his chair and dance about.",often his voice would turn to song and he would get out of his chair and dance about,often voice would turn song would get chair dance
227,"He told them tales of bees and flowers, the ways of trees, and the strange creatures of the Forest, about the evil things and good things, things friendly and things unfriendly, cruel things and kind things, and secrets hidden under brambles.",he told them tales of bees and flowers the ways of trees and the strange creatures of the forest about the evil things and good things things friendly and things unfriendly cruel things and kind things and secrets hidden under brambles,told tales bees flowers ways trees strange creatures forest evil things good things things friendly things unfriendly cruel things kind things secrets hidden brambles
228,"As they listened, they began to understand the lives of the Forest, apart from themselves, indeed to feel themselves as the strangers where all other things were at home.",as they listened they began to understand the lives of the forest apart from themselves indeed to feel themselves as the strangers where all other things were at home,listened began understand lives forest apart indeed feel strangers things home
229,"Moving constantly in and out of his talk was Old Man Willow, and Frodo learned now enough to content him, indeed more than enough, for it was not comfortable lore.",moving constantly in and out of his talk was old man willow and frodo learned now enough to content him indeed more than enough for it was not comfortable lore,moving constantly talk old man willow frodo learned enough content indeed enough comfortable lore
230,"Tom's words laid bare the hearts of trees and their thoughts, which were often dark and strange, and filled with a hatred of things that go free upon the earth, gnawing, biting, breaking, hacking, burning: destroyers and usurpers.",toms words laid bare the hearts of trees and their thoughts which were often dark and strange and filled with a hatred of things that go free upon the earth gnawing biting breaking hacking burning destroyers and usurpers,toms words laid bare hearts trees thoughts often dark strange filled hatred things go free upon earth gnawing biting breaking hacking burning destroyers usurpers
231,"It was not called the Old Forest without reason, for it was indeed ancient, a survivor of vast forgotten woods; and in it there lived yet, ageing no quicker than the hills, the fathers of the fathers of trees, remembering times when they were lords.",it was not called the old forest without reason for it was indeed ancient a survivor of vast forgotten woods and in it there lived yet ageing no quicker than the hills the fathers of the fathers of trees remembering times when they were lords,called old forest without reason indeed ancient survivor vast forgotten woods lived yet ageing quicker hills fathers fathers trees remembering times lords
232,"The countless years had filled them with pride and rooted wisdom, and with malice.",the countless years had filled them with pride and rooted wisdom and with malice,countless years filled pride rooted wisdom malice
233,"But none were more dangerous than the Great Willow: his heart was rotten, but his strength was green; and he was cunning, and a master of winds, and his song and thought ran through the woods on both sides of the river.",but none were more dangerous than the great willow his heart was rotten but his strength was green and he was cunning and a master of winds and his song and thought ran through the woods on both sides of the river,none dangerous great willow heart rotten strength green cunning master winds song thought ran woods sides river
234,"His grey thirsty spirit drew power out of the earth and spread like fine root-threads in the ground, and invisible twig-fingers in the air, till it had under its dominion nearly all the trees of the Forest from the Hedge to the Downs.",his grey thirsty spirit drew power out of the earth and spread like fine rootthreads in the ground and invisible twigfingers in the air till it had under its dominion nearly all the trees of the forest from the hedge to the downs,grey thirsty spirit drew power earth spread like fine rootthreads ground invisible twigfingers air till dominion nearly trees forest hedge downs
235,"Suddenly Tom's talk left the woods and went leaping up the young stream, over bubbling waterfalls, over pebbles and worn rocks, and among small flowers in close grass and wet crannies, wandering at last up on to the Downs.",suddenly toms talk left the woods and went leaping up the young stream over bubbling waterfalls over pebbles and worn rocks and among small flowers in close grass and wet crannies wandering at last up on to the downs,suddenly toms talk left woods went leaping young stream bubbling waterfalls pebbles worn rocks among small flowers close grass wet crannies wandering last downs
236,"They heard of the Great Barrows, and the green mounds, and the stone-rings upon the hills and in the hollows among the hills.",they heard of the great barrows and the green mounds and the stonerings upon the hills and in the hollows among the hills,heard great barrows green mounds stonerings upon hills hollows among hills
237,Sheep were bleating in flocks.,sheep were bleating in flocks,sheep bleating flocks
238,Green walls and white walls rose.,green walls and white walls rose,green walls white walls rose
239,There were fortresses on the heights.,there were fortresses on the heights,fortresses heights
240,"Kings of little kingdoms fought together, and the young Sun shone like fire on the red metal of their new and greedy swords.",kings of little kingdoms fought together and the young sun shone like fire on the red metal of their new and greedy swords,kings little kingdoms fought together young sun shone like fire red metal new greedy swords
241,"There was victory and defeat; and towers fell, fortresses were burned, and flames went up into the sky.",there was victory and defeat and towers fell fortresses were burned and flames went up into the sky,victory defeat towers fell fortresses burned flames went sky
242,"Gold was piled on the biers of dead kings and queens; and mounds covered them, and the stone doors were shut; and the grass grew over all.",gold was piled on the biers of dead kings and queens and mounds covered them and the stone doors were shut and the grass grew over all,gold piled biers dead kings queens mounds covered stone doors shut grass grew
243,"Sheep walked for a while biting the grass, but soon the hills were empty again.",sheep walked for a while biting the grass but soon the hills were empty again,sheep walked biting grass soon hills empty
244,"A shadow came out of dark places far away, and the bones were stirred in the mounds.",a shadow came out of dark places far away and the bones were stirred in the mounds,shadow came dark places far away bones stirred mounds
245,"Barrow-wights walked in the hollow places with a clink of rings on cold fingers, and gold chains in the wind.'",barrowwights walked in the hollow places with a clink of rings on cold fingers and gold chains in the wind,barrowwights walked hollow places clink rings cold fingers gold chains wind
246,Stone rings grinned out of the ground like broken teeth in the moonlight.,stone rings grinned out of the ground like broken teeth in the moonlight,stone rings grinned ground like broken teeth moonlight
247,The hobbits shuddered.,the hobbits shuddered,hobbits shuddered
248,Even in the Shire the rumour of the Barrow-wights of the Barrow-downs beyond the Forest had been heard.,even in the shire the rumour of the barrowwights of the barrowdowns beyond the forest had been heard,even shire rumour barrowwights barrowdowns beyond forest heard
249,"But it was not a tale that any hobbit liked to listen to, even by a comfortable fireside far away.",but it was not a tale that any hobbit liked to listen to even by a comfortable fireside far away,tale hobbit liked listen even comfortable fireside far away
250,These four now suddenly remembered what the joy of this house had driven from their minds: the house of Tom Bombadil nestled under the very shoulder of those dreaded hills.,these four now suddenly remembered what the joy of this house had driven from their minds the house of tom bombadil nestled under the very shoulder of those dreaded hills,four suddenly remembered joy house driven minds house tom bombadil nestled shoulder dreaded hills
251,"They lost the thread of his tale and shifted uneasily, looking aside at one another.",they lost the thread of his tale and shifted uneasily looking aside at one another,lost thread tale shifted uneasily looking aside one another
252,"When they caught his words again they found that he had now wandered into strange regions beyond their memory and beyond their waking thought, into limes when the world was wider, and the seas flowed straight to the western Shore; and still on and back Tom went singing out into ancient starlight, when only the Elf-sires were awake.",when they caught his words again they found that he had now wandered into strange regions beyond their memory and beyond their waking thought into limes when the world was wider and the seas flowed straight to the western shore and still on and back tom went singing out into ancient starlight when only the elfsires were awake,caught words found wandered strange regions beyond memory beyond waking thought limes world wider seas flowed straight western shore still back tom went singing ancient starlight elfsires awake
253,"Then suddenly he slopped, and they saw that he nodded as if he was falling asleep.",then suddenly he slopped and they saw that he nodded as if he was falling asleep,suddenly slopped saw nodded falling asleep
254,"The hobbits sat still before him, enchanted; and it seemed as if, under the spell of his words, the wind had gone, and the clouds had dried up, and the day had been withdrawn, and darkness had come from East and West, and all the sky was filled with the light of white stars.",the hobbits sat still before him enchanted and it seemed as if under the spell of his words the wind had gone and the clouds had dried up and the day had been withdrawn and darkness had come from east and west and all the sky was filled with the light of white stars,hobbits sat still enchanted seemed spell words wind gone clouds dried day withdrawn darkness come east west sky filled light white stars
255,Whether the morning and evening of one day or of many days had passed Frodo could not tell.,whether the morning and evening of one day or of many days had passed frodo could not tell,whether morning evening one day many days passed frodo could tell
256,"He did not feel either hungry or tired, only filled with wonder.",he did not feel either hungry or tired only filled with wonder,feel either hungry tired filled wonder
257,The stars shone through the window and the silence of the heavens seemed to be round him.,the stars shone through the window and the silence of the heavens seemed to be round him,stars shone window silence heavens seemed round
258,"He spoke at last out of his wonder and a sudden fear of that silence:
     'Who are you, Master?'",he spoke at last out of his wonder and a sudden fear of that silence who are you master,spoke last wonder sudden fear silence master
259,he asked.,he asked,asked
260,"'Eh, what?'",eh what,eh
261,"said Tom sitting up, and his eyes glinting in the gloom.",said tom sitting up and his eyes glinting in the gloom,said tom sitting eyes glinting gloom
262,'Don't you know my name yet?,dont you know my name yet,dont know name yet
263,That's the only answer.,thats the only answer,thats answer
264,"Tell me, who are you, alone, yourself and nameless?",tell me who are you alone yourself and nameless,tell alone nameless
265,But you are young and I am old.,but you are young and i am old,young old
266,"Eldest, that's what I am.",eldest thats what i am,eldest thats
267,"Mark my words, my friends: Tom was here before the river and the trees; Tom remembers the first raindrop and the first acorn.",mark my words my friends tom was here before the river and the trees tom remembers the first raindrop and the first acorn,mark words friends tom river trees tom remembers first raindrop first acorn
268,"He made paths before the Big People, and saw the little People arriving.",he made paths before the big people and saw the little people arriving,made paths big people saw little people arriving
269,He was here before the Kings and the graves and the Barrow-wights.,he was here before the kings and the graves and the barrowwights,kings graves barrowwights
270,"When the Elves passed westward, Tom was here already, before the seas were bent.",when the elves passed westward tom was here already before the seas were bent,elves passed westward tom already seas bent
271,He knew the dark under the stars when it was fearless  before the Dark Lord came from Outside.',he knew the dark under the stars when it was fearless before the dark lord came from outside,knew dark stars fearless dark lord came outside
272,"A shadow seemed to pass by the window, and the hobbits glanced hastily through the panes.",a shadow seemed to pass by the window and the hobbits glanced hastily through the panes,shadow seemed pass window hobbits glanced hastily panes
273,"When they turned again, Goldberry stood in the door behind, framed in light.",when they turned again goldberry stood in the door behind framed in light,turned goldberry stood door behind framed light
274,"She held a candle, shielding its flame from the draught with her hand; and the light flowed through it, like sunlight through a white shell.",she held a candle shielding its flame from the draught with her hand and the light flowed through it like sunlight through a white shell,held candle shielding flame draught hand light flowed like sunlight white shell
275,"'The rain has ended,' she said; 'and new waters are running downhill, under the stars.",the rain has ended she said and new waters are running downhill under the stars,rain ended said new waters running downhill stars
276,Let us now laugh and be glad!',let us now laugh and be glad,let us laugh glad
277,'And let us have food and drink!',and let us have food and drink,let us food drink
278,cried Tom.,cried tom,cried tom
279,'Long tales are thirsty.,long tales are thirsty,long tales thirsty
280,"And long listening's hungry work, morning, noon, and evening!'",and long listenings hungry work morning noon and evening,long listenings hungry work morning noon evening
281,"With that he jumped out of his chair, and with a bound took a candle from the chimney-shelf and lit it in the flame that Goldberry held; then he danced about the table.",with that he jumped out of his chair and with a bound took a candle from the chimneyshelf and lit it in the flame that goldberry held then he danced about the table,jumped chair bound took candle chimneyshelf lit flame goldberry held danced table
282,Suddenly he hopped through the door and disappeared.,suddenly he hopped through the door and disappeared,suddenly hopped door disappeared
283,"Quickly he returned, bearing a large and laden tray.",quickly he returned bearing a large and laden tray,quickly returned bearing large laden tray
284,Then Tom and Goldberry set the table; and the hobbits sat half in wonder and half in laughter: so fair was the grace of Goldberry and so merry and odd the caperings of Tom.,then tom and goldberry set the table and the hobbits sat half in wonder and half in laughter so fair was the grace of goldberry and so merry and odd the caperings of tom,tom goldberry set table hobbits sat half wonder half laughter fair grace goldberry merry odd caperings tom
285,"Yet in some fashion they seemed to weave a single dance, neither hindering the other, in and out of the room, and round about the table; and with great speed food and vessels and lights were set in order.",yet in some fashion they seemed to weave a single dance neither hindering the other in and out of the room and round about the table and with great speed food and vessels and lights were set in order,yet fashion seemed weave single dance neither hindering room round table great speed food vessels lights set order
286,"The boards blazed with candles, white and yellow.",the boards blazed with candles white and yellow,boards blazed candles white yellow
287,Tom bowed to his guests.,tom bowed to his guests,tom bowed guests
288,"'Supper is ready,' said Goldberry; and now the hobbits saw that she was clothed all in silver with a white girdle, and her shoes were like fishes' mail.",supper is ready said goldberry and now the hobbits saw that she was clothed all in silver with a white girdle and her shoes were like fishes mail,supper ready said goldberry hobbits saw clothed silver white girdle shoes like fishes mail
289,"But Tom was all in clean blue, blue as rain-washed forget-me-nots, and he had green stockings.",but tom was all in clean blue blue as rainwashed forgetmenots and he had green stockings,tom clean blue blue rainwashed forgetmenots green stockings
290,It was a supper even better than before.,it was a supper even better than before,supper even better
291,"The hobbits under the spell of Tom's words may have missed one meal or many, but when the food was before them it seemed at least a week since they had eaten.",the hobbits under the spell of toms words may have missed one meal or many but when the food was before them it seemed at least a week since they had eaten,hobbits spell toms words may missed one meal many food seemed least week since eaten
292,"They did not sing or even speak much for a while, and paid close attention to business.",they did not sing or even speak much for a while and paid close attention to business,sing even speak much paid close attention business
293,"But after a time their hearts and spirit rose high again, and their voices rang out in mirth and laughter.",but after a time their hearts and spirit rose high again and their voices rang out in mirth and laughter,time hearts spirit rose high voices rang mirth laughter
294,"After they had eaten, Goldberry sang many songs for them, songs that began merrily in the hills and fell softly down into silence; and in the silences they saw in their minds pools and waters wider than any they had known, and looking into them they saw the sky below them and the stars like jewels in the depths.",after they had eaten goldberry sang many songs for them songs that began merrily in the hills and fell softly down into silence and in the silences they saw in their minds pools and waters wider than any they had known and looking into them they saw the sky below them and the stars like jewels in the depths,eaten goldberry sang many songs songs began merrily hills fell softly silence silences saw minds pools waters wider known looking saw sky stars like jewels depths
295,Then once more she wished them each good night and left them by the fireside.,then once more she wished them each good night and left them by the fireside,wished good night left fireside
296,But Tom now seemed wide awake and plied them with questions.,but tom now seemed wide awake and plied them with questions,tom seemed wide awake plied questions
297,"He appeared already to know much about them and all their families, and indeed to know much of all the history and doings of the Shire down from days hardly remembered among the hobbits themselves.",he appeared already to know much about them and all their families and indeed to know much of all the history and doings of the shire down from days hardly remembered among the hobbits themselves,appeared already know much families indeed know much history doings shire days hardly remembered among hobbits
298,"It no longer surprised them; but he made no secret that he owed his recent knowledge largely to Farmer Maggot, whom he seemed to regard as a person of more importance than they had imagined.",it no longer surprised them but he made no secret that he owed his recent knowledge largely to farmer maggot whom he seemed to regard as a person of more importance than they had imagined,longer surprised made secret owed recent knowledge largely farmer maggot seemed regard person importance imagined
299,"'There's earth under his old feet, and clay on his fingers; wisdom in his bones, and both his eyes are open,' said Tom.",theres earth under his old feet and clay on his fingers wisdom in his bones and both his eyes are open said tom,theres earth old feet clay fingers wisdom bones eyes open said tom
300,"It was also clear that Tom had dealings with the Elves, and it seemed that in some fashion, news had reached him from Gildor concerning the flight of Frodo.",it was also clear that tom had dealings with the elves and it seemed that in some fashion news had reached him from gildor concerning the flight of frodo,also clear tom dealings elves seemed fashion news reached gildor concerning flight frodo
301,"Indeed so much did Tom know, and so cunning was his questioning, that Frodo found himself telling him more about Bilbo and his own hopes and fears than he had told before even to Gandalf.",indeed so much did tom know and so cunning was his questioning that frodo found himself telling him more about bilbo and his own hopes and fears than he had told before even to gandalf,indeed much tom know cunning questioning frodo found telling bilbo hopes fears told even gandalf
302,"Tom wagged his head up and down, and there was a glint in his eyes when he heard of the Riders.",tom wagged his head up and down and there was a glint in his eyes when he heard of the riders,tom wagged head glint eyes heard riders
303,'Show me the precious Ring!',show me the precious ring,show precious ring
304,"he said suddenly in the midst of the story: and Frodo, to his own astonishment, drew out the chain from his pocket, and unfastening the Ring handed it at once to Tom.",he said suddenly in the midst of the story and frodo to his own astonishment drew out the chain from his pocket and unfastening the ring handed it at once to tom,said suddenly midst story frodo astonishment drew chain pocket unfastening ring handed tom
305,It seemed to grow larger as it lay for a moment on his big brown-skinned hand.,it seemed to grow larger as it lay for a moment on his big brownskinned hand,seemed grow larger lay moment big brownskinned hand
306,Then suddenly he put it to his eye and laughed.,then suddenly he put it to his eye and laughed,suddenly put eye laughed
307,"For a second the hobbits had a vision, both comical and alarming, of his bright blue eye gleaming through a circle of gold.",for a second the hobbits had a vision both comical and alarming of his bright blue eye gleaming through a circle of gold,second hobbits vision comical alarming bright blue eye gleaming circle gold
308,Then Tom put the Ring round the end of his little finger and held it up to the candlelight.,then tom put the ring round the end of his little finger and held it up to the candlelight,tom put ring round end little finger held candlelight
309,For a moment the hobbits noticed nothing strange about this.,for a moment the hobbits noticed nothing strange about this,moment hobbits noticed nothing strange
310,Then they gasped.,then they gasped,gasped
311,There was no sign of Tom disappearing!,there was no sign of tom disappearing,sign tom disappearing
312,"Tom laughed again, and then he spun the Ring in the air  and it vanished with a flash.",tom laughed again and then he spun the ring in the air and it vanished with a flash,tom laughed spun ring air vanished flash
313,Frodo gave a cry  and Tom leaned forward and handed it back to him with a smile.,frodo gave a cry and tom leaned forward and handed it back to him with a smile,frodo gave cry tom leaned forward handed back smile
314,"Frodo looked at it closely, and rather suspiciously (like one who has lent a trinket to a juggler).",frodo looked at it closely and rather suspiciously like one who has lent a trinket to a juggler,frodo looked closely rather suspiciously like one lent trinket juggler
315,"It was the same Ring, or looked the same and weighed the same: for that Ring had always seemed to Frodo to weigh strangely heavy in the hand.",it was the same ring or looked the same and weighed the same for that ring had always seemed to frodo to weigh strangely heavy in the hand,ring looked weighed ring always seemed frodo weigh strangely heavy hand
316,But something prompted him to make sure.,but something prompted him to make sure,something prompted make sure
317,He was perhaps a trifle annoyed with Tom for seeming to make so light of what even Gandalf thought so perilously important.,he was perhaps a trifle annoyed with tom for seeming to make so light of what even gandalf thought so perilously important,perhaps trifle annoyed tom seeming make light even gandalf thought perilously important
318,"He waited for an opportunity, when the talk was going again, and Tom was telling an absurd story about badgers and their queer ways  then he slipped the Ring on.",he waited for an opportunity when the talk was going again and tom was telling an absurd story about badgers and their queer ways then he slipped the ring on,waited opportunity talk going tom telling absurd story badgers queer ways slipped ring
319,"Merry turned towards him to say something and gave a start, and checked an exclamation.",merry turned towards him to say something and gave a start and checked an exclamation,merry turned towards say something gave start checked exclamation
320,"Frodo was delighted (in a way): it was his own ring all right, for Merry was staring blankly at his chair, and obviously could not see him.",frodo was delighted in a way it was his own ring all right for merry was staring blankly at his chair and obviously could not see him,frodo delighted way ring right merry staring blankly chair obviously could see
321,He got up and crept quietly away from the fireside towards the outer door.,he got up and crept quietly away from the fireside towards the outer door,got crept quietly away fireside towards outer door
322,'Hey there!',hey there,hey
323,"cried Tom, glancing towards him with a most seeing look in his shining eyes.",cried tom glancing towards him with a most seeing look in his shining eyes,cried tom glancing towards seeing look shining eyes
324,'Hey!,hey,hey
325,"Come Frodo, there!",come frodo there,come frodo
326,Where be you a-going?,where be you agoing,agoing
327,Old Tom Bombadil's not as blind as that yet.,old tom bombadils not as blind as that yet,old tom bombadils blind yet
328,Take off your golden ring!,take off your golden ring,take golden ring
329,Your hand's more fair without it.,your hands more fair without it,hands fair without
330,Come back!,come back,come back
331,Leave your game and sit down beside me!,leave your game and sit down beside me,leave game sit beside
332,"We must talk a while more, and think about the morning.",we must talk a while more and think about the morning,must talk think morning
333,"Tom must teach the right road, and keep your feet from wandering.'",tom must teach the right road and keep your feet from wandering,tom must teach right road keep feet wandering
334,"Frodo laughed (trying to feel pleased), and taking off the Ring he came and sat down again.",frodo laughed trying to feel pleased and taking off the ring he came and sat down again,frodo laughed trying feel pleased taking ring came sat
335,"Tom now told them that he reckoned the Sun would shine tomorrow, and it would be a glad morning, and setting out would be hopeful.",tom now told them that he reckoned the sun would shine tomorrow and it would be a glad morning and setting out would be hopeful,tom told reckoned sun would shine tomorrow would glad morning setting would hopeful
336,"But they would do well to start early; for weather in that country was a thing that even Tom could not be sure of for long, and it would change sometimes quicker than he could change his jacket.",but they would do well to start early for weather in that country was a thing that even tom could not be sure of for long and it would change sometimes quicker than he could change his jacket,would well start early weather country thing even tom could sure long would change sometimes quicker could change jacket
337,"'I am no weather-master,' he said; 'nor is aught that goes on two legs.'",i am no weathermaster he said nor is aught that goes on two legs,weathermaster said aught goes two legs
338,"By his advice they decided to make nearly due North from his house, over the western and lower slopes of the Downs: they might hope in that way to strike the East Road in a day's journey, and avoid the Barrows.",by his advice they decided to make nearly due north from his house over the western and lower slopes of the downs they might hope in that way to strike the east road in a days journey and avoid the barrows,advice decided make nearly due north house western lower slopes downs might hope way strike east road days journey avoid barrows
339,He told them not to be afraid  but to mind their own business.,he told them not to be afraid but to mind their own business,told afraid mind business
340,'Keep to the green grass.,keep to the green grass,keep green grass
341,"Don't you go a-meddling with old stone or cold Wights or prying in their houses, unless you be strong folk with hearts that never falter!'",dont you go ameddling with old stone or cold wights or prying in their houses unless you be strong folk with hearts that never falter,dont go ameddling old stone cold wights prying houses unless strong folk hearts never falter
342,"He said this more than once; and he advised them to pass barrows by on the west-side, if they chanced to stray near one.",he said this more than once and he advised them to pass barrows by on the westside if they chanced to stray near one,said advised pass barrows westside chanced stray near one
343,"Then he taught them a rhyme to sing, if they should by ill-luck fall into any danger or difficulty the next day.",then he taught them a rhyme to sing if they should by illluck fall into any danger or difficulty the next day,taught rhyme sing illluck fall danger difficulty next day
344,Ho!,ho,ho
345,"Tom Bombadil, Tom Bombadillo!",tom bombadil tom bombadillo,tom bombadil tom bombadillo
346,"By water, wood and hill, by the reed and willow,
           By fire, sun and moon, harken now and hear us!",by water wood and hill by the reed and willow by fire sun and moon harken now and hear us,water wood hill reed willow fire sun moon harken hear us
347,"Come, Tom Bombadil, for our need is near us!",come tom bombadil for our need is near us,come tom bombadil need near us
348,"When they had sung this altogether after him, he clapped them each on the shoulder with a laugh, and taking candles led them back to their bedroom.",when they had sung this altogether after him he clapped them each on the shoulder with a laugh and taking candles led them back to their bedroom,sung altogether clapped shoulder laugh taking candles led back bedroom
349,_,,
