word,frequency
said,1156
came,455
great,441
sam,440
come,387
frodo,369
would,337
men,332
could,321
one,301
like,299
gandalf,298
upon,289
long,278
go,275
yet,274
pippin,273
still,269
back,268
last,266
away,259
went,253
shall,236
well,230
see,223
merry,221
lord,221
aragorn,220
many,217
far,211
dark,201
king,197
must,196
looked,191
city,183
may,182
road,180
even,180
stood,179
time,179
old,179
us,177
saw,174
seemed,171
passed,166
black,165
little,163
way,159
eyes,156
faramir,155
behind,154
hand,153
day,153
know,152
gondor,151
say,149
though,145
end,143
gate,137
heard,136
hope,135
thought,131
turned,130
days,130
set,128
light,128
cried,128
things,127
ever,126
soon,124
dead,124
left,124
night,122
white,122
think,122
fear,121
first,118
denethor,118
much,117
made,116
rode,115
mr,114
fell,112
going,110
beyond,109
good,108
shadow,107
take,107
land,106
grey,106
two,106
man,106
face,105
eomer,104
lay,104
high,102
master,102
stone,102
let,100
dont,99
rohan,98
side,98
eowyn,96
tower,95
seen,94
heart,94
suddenly,94
battle,93
theoden,93
look,92
walls,92
west,92
sun,92
took,92
indeed,92
gone,92
ride,91
folk,91
might,90
head,89
mordor,89
north,88
towards,88
coming,86
wind,85
fair,85
voice,84
sat,82
darkness,82
found,82
fire,82
door,81
got,81
right,80
since,80
ill,79
spoke,79
get,78
gimli,77
hobbits,77
near,76
war,76
east,76
answered,76
together,75
never,75
rose,75
company,75
deep,74
ran,74
already,74
leave,74
new,74
people,74
kings,74
hands,73
need,73
house,73
words,73
find,73
sword,73
put,72
hour,72
also,71
shire,71
brought,71
beregond,71
mountains,70
small,70
wall,70
red,70
morning,69
lady,69
maybe,69
slowly,69
enough,68
drew,68
enemy,68
tell,68
riders,67
speak,67
beside,67
legolas,67
along,67
round,66
better,66
felt,66
ring,65
south,65
another,65
mind,65
make,64
moment,64
others,64
wish,64
hear,63
strength,63
hills,63
save,63
years,63
done,63
feet,62
tall,62
pass,62
knew,61
air,61
world,61
thing,61
son,61
green,60
gave,59
place,59
wild,58
began,58
three,58
death,58
evil,58
orcs,57
among,57
silent,57
called,56
minas,56
silver,56
cant,56
longer,56
yes,56
keep,56
wonder,55
least,55
water,54
held,54
wide,54
theres,54
ere,54
host,53
shadows,53
clear,53
without,52
none,52
almost,52
houses,51
less,51
fields,51
give,51
mountain,50
comes,49
cold,49
across,49
captains,49
tirith,49
forth,48
sent,48
wont,48
river,48
ruffians,48
power,48
nothing,47
alone,47
trees,47
farewell,47
forward,47
captain,46
doom,46
laid,46
taken,46
cry,45
part,45
citadel,45
answer,45
looking,45
always,45
ive,44
name,44
return,44
help,44
field,44
bring,44
rest,44
sky,44
bear,44
fallen,44
hold,43
im,43
sound,43
glad,43
lost,43
laughed,42
news,42
strange,42
sight,42
horses,42
sleep,42
arms,42
sea,42
eye,42
told,41
valley,41
doubt,41
weary,41
call,41
ready,41
grew,41
returned,41
times,40
bore,40
evening,40
full,40
short,40
hill,40
want,40
stay,40
chief,40
sauron,40
guard,40
father,39
line,39
walked,39
open,39
halted,39
best,39
sprang,39
ago,39
heavy,39
word,39
stand,39
something,38
turn,38
eastward,38
filled,38
horse,38
nay,38
paths,38
living,38
half,38
use,38
friends,37
riding,37
lands,37
broken,37
fall,37
lifted,37
followed,37
saruman,37
ground,37
plain,36
peace,36
honour,36
swiftly,36
hearts,36
within,36
mark,36
haste,36
thats,35
tidings,35
remember,35
path,35
tree,35
given,35
lords,35
orc,35
forgotten,35
food,35
beneath,35
rising,35
voices,35
cotton,35
love,35
hes,35
trouble,35
move,34
journey,34
healing,34
hobbit,34
lie,34
wait,33
cloak,33
counsel,33
bit,33
standing,33
bag,33
gloom,33
imrahil,33
nazgul,33
country,33
led,33
meet,33
next,32
die,32
life,32
prince,32
either,32
miles,32
realm,32
memory,32
low,32
guess,32
stones,32
bowed,32
elrond,31
silence,31
despair,31
seven,31
knights,31
care,31
known,31
length,30
rider,30
dreadful,30
else,30
cast,30
strong,30
youll,30
opened,30
deeds,30
asked,30
foot,30
work,30
rohirrim,30
year,29
fled,29
pale,29
hard,29
grass,29
aside,29
command,29
bitter,29
died,29
mithrandir,29
stars,29
horn,29
broke,29
shadowfax,28
run,28
wondered,28
burden,28
joy,28
anduin,28
golden,28
bilbo,28
dim,28
steward,28
unless,28
reached,28
hurt,28
swift,28
climbed,28
used,28
running,28
mean,28
neither,28
hidden,28
perhaps,28
vast,27
westward,27
home,27
live,27
friend,27
foes,27
young,27
close,27
boromir,27
earth,27
blew,26
closed,26
faces,26
youre,26
room,26
turning,26
quite,26
course,26
four,26
rather,26
tears,26
seems,26
worse,26
poor,26
fires,26
thus,26
places,26
send,26
terror,26
understand,26
breath,26
huge,26
caught,26
horns,25
doors,25
taking,25
pelennor,25
often,25
sighed,25
till,25
walk,25
mighty,25
shape,25
stopped,25
remained,25
dear,25
smoke,25
chamber,25
passing,25
failed,25
ruin,25
peregrin,25
bright,24
pain,24
amroth,24
goes,24
theyve,24
says,24
every,24
hundred,24
towers,24
alas,24
travellers,24
feel,24
burning,24
burned,24
narrow,24
falling,24
gathered,24
gathering,24
bent,24
moving,24
speed,24
service,24
presently,24
free,23
crown,23
horsemen,23
met,23
proud,23
tale,23
fight,23
past,23
dream,23
body,23
large,23
midst,23
follow,23
peril,23
ended,23
march,23
clad,23
became,23
softly,22
wood,22
shagrat,22
age,22
rock,22
ithilien,22
kept,22
ridden,22
lot,22
empty,22
arm,22
song,22
victory,22
knows,22
spring,22
big,22
bed,22
desire,22
five,22
banner,22
bearing,22
lead,22
blood,22
vale,22
crying,22
destroyed,21
id,21
window,21
precious,21
cut,21
muttered,21
woods,21
anything,21
busy,21
ask,21
meriadoc,21
hall,21
isnt,21
lying,21
deadly,21
waiting,21
lies,21
true,21
pity,21
sams,21
sons,21
leagues,21
morgul,21
galadriel,21
drink,21
growing,21
escape,21
dol,21
frodos,21
hardly,21
guessed,21
mouth,21
gates,21
crept,21
late,20
warden,20
grief,20
seem,20
whats,20
blow,20
helm,20
drawn,20
deal,20
third,20
sure,20
enemies,20
cloud,20
nearly,20
bridge,20
sign,20
clouds,20
quick,20
anyway,20
terrible,20
greater,20
needed,20
ten,20
gollum,20
foul,20
flame,20
raised,20
force,20
northward,20
leaves,20
tried,20
errand,20
drawing,20
heads,20
bree,19
lights,19
ships,19
shut,19
purpose,19
outside,19
madness,19
wrath,19
borne,19
ship,19
dread,19
weapons,19
wrought,19
stroke,19
swords,19
thee,19
sudden,19
edoras,19
alive,19
praise,19
shook,19
garden,19
ending,19
aloud,19
breast,19
bad,19
whole,19
halfling,19
steel,19
gear,19
hideous,19
floor,19
spoken,19
stared,19
weve,18
gold,18
learn,18
torches,18
dunharrow,18
butterbur,18
osgiliath,18
hours,18
order,18
try,18
depart,18
dwelt,18
afraid,18
youve,18
talk,18
western,18
servants,18
court,18
everything,18
sit,18
flying,18
whose,18
desperate,18
bywater,18
hither,18
ahead,18
built,18
table,18
entered,18
farmer,18
fighting,18
gazed,18
kill,18
leaped,18
front,18
thrust,18
rang,18
really,18
forget,18
vanished,17
pony,17
aware,17
bid,17
sad,17
tired,17
slept,17
names,17
speech,17
didnt,17
passage,17
watched,17
aid,17
tales,17
eat,17
windows,17
defence,17
dunedain,17
edge,17
changed,17
awake,17
labour,17
mine,17
point,17
shone,17
elves,17
amid,17
quickly,17
cirith,17
assault,17
climbing,17
reach,17
knees,17
beast,17
duty,17
slain,17
started,17
whatever,17
wings,17
behold,17
rolled,17
hung,17
enter,17
except,17
roads,17
main,17
grim,16
allowed,16
lit,16
naught,16
sting,16
mounted,16
shot,16
hoped,16
companions,16
dwarf,16
change,16
orthanc,16
army,16
wound,16
bergil,16
isengard,16
dying,16
wore,16
soft,16
sweet,16
grow,16
gaffer,16
thou,16
trumpets,16
waited,16
gleam,16
learned,16
rain,16
thither,16
moon,16
eastern,16
middleearth,16
slow,16
step,16
companies,16
wormtongue,16
street,16
dernhelm,16
hobbiton,16
wept,16
sang,16
weariness,16
rivendell,16
shield,16
healed,16
quiet,16
rate,16
noise,16
ought,16
safe,16
chance,16
burn,15
orders,15
nearer,15
weight,15
race,15
dare,15
women,15
getting,15
straight,15
ears,15
blade,15
beasts,15
mile,15
lines,15
fought,15
foe,15
seeing,15
loud,15
talking,15
speaking,15
hungry,15
thoughts,15
noon,15
halbarad,15
thy,15
ancient,15
mist,15
outer,15
moved,15
welcome,15
gleamed,15
brother,15
winding,15
task,15
singing,15
steps,15
listen,15
gently,15
lotho,15
dawn,15
secret,15
star,15
keeping,15
stream,14
surprise,14
ease,14
remembered,14
dismay,14
treebeard,14
hearing,14
sank,14
brink,14
asleep,14
stern,14
smiled,14
hide,14
northern,14
village,14
bare,14
sing,14
baraddur,14
ways,14
stricken,14
bade,14
shouted,14
carry,14
neck,14
ioreth,14
endure,14
guards,14
wake,14
covered,14
vain,14
trust,14
seldom,14
whether,14
cries,14
leader,14
therefore,14
mindolluin,14
thank,14
rumour,14
shoulders,14
begin,14
wished,14
cover,14
horror,14
dwell,14
fool,14
slaves,14
comfort,14
wisdom,14
sick,13
blessed,13
fortune,13
talked,13
marched,13
chair,13
children,13
mail,13
crossed,13
brow,13
songs,13
saying,13
knife,13
arrow,13
departed,13
broad,13
tomorrow,13
beautiful,13
second,13
hundreds,13
showed,13
prepared,13
heir,13
present,13
leading,13
sheer,13
driven,13
circle,13
faint,13
dust,13
andros,13
streets,13
show,13
ah,13
iron,13
stair,13
stepped,13
deem,13
believe,13
theyre,13
burst,13
sorrow,13
steep,13
lo,13
later,13
slopes,13
shining,13
messenger,13
lebennin,13
spear,13
walking,13
hiding,13
grown,13
lads,13
thousands,13
hosts,13
strider,13
stirred,13
renown,13
loved,13
quietly,13
luck,13
sharkey,13
malice,13
shirriffs,13
flowed,13
begun,13
accursed,13
stony,13
search,13
token,13
threw,13
lives,12
dangerous,12
blowing,12
tongue,12
nights,12
blue,12
lad,12
early,12
older,12
middle,12
parted,12
remain,12
mood,12
mantle,12
pack,12
read,12
heed,12
cruel,12
fast,12
glare,12
expected,12
rule,12
abroad,12
drums,12
space,12
happened,12
count,12
reckon,12
rosie,12
waters,12
fit,12
beat,12
kissed,12
cair,12
onset,12
glory,12
valour,12
suppose,12
withered,12
choose,12
wrong,12
ungol,12
winged,12
lived,12
dared,12
likely,12
bodies,12
calling,12
mount,12
joined,12
arose,12
wanted,12
wise,12
masters,12
creature,12
blackness,12
isildur,12
southward,12
loomed,12
storm,12
sooner,12
nonetheless,12
trying,12
bill,12
fro,12
truth,12
retreat,12
shapes,11
wounded,11
fifty,11
fail,11
parting,11
din,11
laboured,11
stumbled,11
chill,11
touch,11
surely,11
morgai,11
worn,11
anyone,11
matter,11
crawled,11
nigh,11
eorl,11
stretched,11
tended,11
murmured,11
snowmane,11
thousand,11
flowers,11
thinking,11
beer,11
start,11
chain,11
loss,11
soldier,11
watchers,11
evidently,11
household,11
finger,11
twice,11
drove,11
roused,11
gamgee,11
seek,11
charge,11
fords,11
distance,11
paces,11
flung,11
oh,11
matters,11
sunlight,11
hair,11
distant,11
saved,11
worm,11
wear,11
top,11
spears,11
listening,11
single,11
labours,11
roof,11
marching,11
southwards,11
elessar,11
utterly,11
greatest,11
seat,11
ruined,11
carved,10
grievous,10
effort,10
brief,10
slope,10
spared,10
range,10
torment,10
wasnt,10
havent,10
danger,10
havens,10
holding,10
figure,10
climb,10
sides,10
leaf,10
forces,10
beggar,10
lossarnach,10
ye,10
hot,10
fine,10
flames,10
today,10
valiant,10
harad,10
council,10
match,10
killed,10
forgetting,10
strike,10
lose,10
lore,10
tents,10
crack,10
opening,10
barrier,10
pressed,10
spread,10
happening,10
ringing,10
lane,10
locked,10
banners,10
case,10
topmost,10
steadily,10
hurried,10
torch,10
carven,10
serve,10
vision,10
become,10
daughter,10
shout,10
thunder,10
glittering,10
bold,10
view,10
crossroads,10
six,10
snow,10
esquire,10
ordered,10
gift,10
clutching,10
break,10
claim,10
dike,10
struggled,10
drank,10
anorien,10
hopes,10
tonight,10
beheld,10
hate,10
clothes,10
standard,10
mans,10
barren,10
throat,10
merrys,10
weapon,10
troubled,10
feared,10
mounds,10
ephel,10
goodbye,10
duath,10
score,10
clasped,10
knelt,10
beginning,10
wains,10
stop,10
burg,10
staff,10
afar,10
helms,10
flickered,9
setting,9
kind,9
harsh,9
awaits,9
laughing,9
woke,9
fury,9
bell,9
pardon,9
shivered,9
gather,9
knee,9
height,9
flower,9
throne,9
waste,9
bound,9
commanded,9
gazing,9
beds,9
easy,9
looming,9
leather,9
someone,9
camp,9
manner,9
homes,9
dull,9
figures,9
deed,9
thin,9
rangers,9
creatures,9
worst,9
cup,9
pelargir,9
bow,9
touched,9
mischief,9
wrapped,9
corner,9
listened,9
whither,9
brown,9
elladan,9
rath,9
sir,9
job,9
ghan,9
healer,9
meal,9
dimly,9
removed,9
somehow,9
pippins,9
dusk,9
crawling,9
weeks,9
holes,9
shown,9
gorbag,9
ringbearer,9
stooped,9
erech,9
skirts,9
twenty,9
stewards,9
messengers,9
unseen,9
gorgoroth,9
fountain,9
spirit,9
press,9
thence,9
lockholes,9
falls,9
rammas,9
number,9
rested,9
offer,9
stabbed,9
gasped,9
swept,9
deeper,9
hid,9
lonely,9
weather,9
numenor,9
baggins,9
otherwise,9
arwen,9
elfstone,9
business,9
knowing,9
real,9
born,9
sheds,9
kindred,9
waking,9
drop,9
watch,9
sigh,9
hullo,9
elfhelm,9
tooks,9
cone,9
several,9
lorien,9
bundle,9
sunset,9
expect,9
scouts,9
understood,9
struggle,9
battlement,9
pool,9
rear,9
belt,9
draw,9
glimmering,9
feast,9
forlong,9
nearby,9
twilight,9
sister,9
row,9
silently,9
piercing,9
higher,9
released,9
stumbling,9
blind,9
faramirs,8
fed,8
brave,8
mens,8
gandalfs,8
fools,8
staring,8
ingold,8
glimpse,8
dozen,8
threatening,8
servant,8
cottons,8
horrible,8
seeking,8
fleet,8
tide,8
dropped,8
borders,8
fresh,8
paused,8
answering,8
lest,8
challenge,8
sixth,8
thrown,8
eaten,8
mists,8
hob,8
rise,8
teeth,8
legs,8
chiefs,8
returning,8
ate,8
sorry,8
heralds,8
hirgon,8
pouring,8
turret,8
waved,8
loves,8
wavered,8
kindled,8
counsels,8
lain,8
sounds,8
upwards,8
smokes,8
bless,8
sunrise,8
pleased,8
steeds,8
triumph,8
willing,8
fruit,8
trembling,8
notice,8
muster,8
somewhere,8
hell,8
trembled,8
pace,8
tumbled,8
inside,8
debate,8
forest,8
settled,8
amazed,8
ridges,8
warm,8
halls,8
robed,8
drive,8
however,8
trumpet,8
bend,8
dirty,8
hunters,8
harrowdale,8
dinen,8
lower,8
spare,8
laughter,8
hinder,8
folly,8
summoned,8
facing,8
question,8
cliffs,8
smote,8
fumes,8
stout,8
dreaming,8
rules,8
lodging,8
glow,8
message,8
driving,8
fellows,8
elrohir,8
harlond,8
ford,8
southrons,8
armed,8
mortal,8
apart,8
gap,8
celeborn,8
nice,8
halflings,8
kinsman,8
cloaks,8
westernesse,8
summons,8
wouldnt,8
slipped,8
calls,8
bells,7
ends,7
beauty,7
limbs,7
haradrim,7
twelve,7
missed,7
bier,7
blazed,7
oath,7
bending,7
plainly,7
appeared,7
crawl,7
grave,7
escaped,7
pits,7
ghanburighan,7
meduseld,7
gorgun,7
friendship,7
beard,7
escort,7
trapped,7
smaller,7
eored,7
warned,7
quailed,7
upper,7
saddle,7
receive,7
garrison,7
trap,7
lantern,7
revealed,7
greeted,7
naked,7
mostly,7
shore,7
shores,7
breaking,7
striding,7
signal,7
clean,7
rightly,7
story,7
sitting,7
saurons,7
buried,7
common,7
dart,7
building,7
torn,7
engines,7
tongues,7
hurrying,7
bottom,7
nightfall,7
plains,7
meaning,7
feeling,7
watchmen,7
terms,7
stir,7
throw,7
frost,7
rolling,7
beating,7
yonder,7
amazement,7
cliff,7
elf,7
faded,7
knowledge,7
woman,7
keys,7
siege,7
echoed,7
leapt,7
coat,7
easterlings,7
lamedon,7
frightened,7
everywhere,7
able,7
win,7
following,7
chosen,7
beaten,7
wield,7
fill,7
ash,7
seemingly,7
risen,7
shouting,7
sounded,7
choice,7
hollow,7
stooping,7
flash,7
lets,7
inner,7
fingers,7
plunged,7
threshold,7
eagles,7
mundburg,7
recall,7
guarded,7
flowing,7
snaga,7
strode,7
sharp,7
frowning,7
perils,7
rocks,7
gwaihir,7
somewhat,7
entrance,7
mayor,7
em,7
nine,7
duties,7
lap,7
ladder,7
hoofs,7
ents,7
hail,7
fate,7
rows,7
scarcely,7
tunnel,7
kindly,7
steed,7
guide,7
greatly,7
perish,7
whip,7
ruffian,7
barliman,7
wholly,7
floating,7
easier,7
ruinous,7
delight,7
laden,7
piece,7
proudly,7
whispered,7
meant,7
nob,7
causeway,7
pierced,7
begging,7
reared,7
rich,7
cross,7
guests,7
eager,7
glass,7
southfarthing,7
finished,7
overthrown,7
troubles,7
sense,7
wed,7
courage,7
halt,7
urgent,7
menace,7
killing,7
mill,7
southern,7
wine,7
struck,7
boss,7
stairs,7
league,7
kingly,7
suffer,7
emyn,7
skill,7
journeyed,7
carried,7
shoulder,7
queen,7
beacons,7
making,7
hunted,7
named,7
theyll,7
fact,6
govern,6
precipice,6
athelas,6
closing,6
needs,6
level,6
poured,6
kingsfoil,6
dwimorberg,6
fragrance,6
virtue,6
gladly,6
mingled,6
noticed,6
downs,6
bay,6
axes,6
file,6
itll,6
promised,6
mass,6
join,6
hauberk,6
dry,6
afterwards,6
assailed,6
whisper,6
stronger,6
sheath,6
breeze,6
fears,6
destroy,6
snapped,6
fashion,6
weep,6
pieces,6
wary,6
leads,6
clenched,6
supper,6
gaping,6
laying,6
befallen,6
morthond,6
caves,6
plans,6
anon,6
skin,6
verily,6
sombre,6
paced,6
lowest,6
goods,6
enemys,6
oclock,6
art,6
eldest,6
dyou,6
strangely,6
waybread,6
elbereth,6
dealt,6
blown,6
shields,6
smile,6
pride,6
isenmouthe,6
seized,6
wizards,6
awoke,6
endless,6
rides,6
glance,6
hewn,6
tracker,6
tom,6
suffered,6
elendil,6
mastered,6
rush,6
tearing,6
crashed,6
cared,6
dismounted,6
snarled,6
likeness,6
putting,6
laugh,6
curse,6
arch,6
flashed,6
sadly,6
charged,6
stuff,6
due,6
woven,6
webs,6
content,6
stage,6
flat,6
works,6
hunt,6
cool,6
relief,6
arrows,6
staggered,6
gang,6
echoing,6
healers,6
knives,6
steady,6
book,6
desert,6
thick,6
deny,6
sends,6
perilous,6
folded,6
fearing,6
corsairs,6
umbar,6
pimple,6
party,6
dreary,6
heights,6
grows,6
rim,6
authority,6
looks,6
waggons,6
treachery,6
mad,6
morannon,6
shaken,6
lake,6
wizard,6
possible,6
orodruin,6
dearly,6
hatred,6
gentle,6
ghosts,6
reason,6
roaring,6
misty,6
whiles,6
wildly,6
cloaked,6
samwise,6
sometimes,6
rescue,6
spent,6
remote,6
grieved,6
jagged,6
fathers,6
peaks,6
tomb,6
meeting,6
clutched,6
uneasily,6
errandriders,6
hurry,6
points,6
sought,6
forlorn,6
airs,6
winter,6
strangers,6
store,6
paid,6
fading,6
choked,6
pointed,6
reckless,6
giving,6
allow,6
shant,6
music,6
parapet,6
bank,6
hopeless,6
craft,6
sleeping,6
snowbourn,6
vigilance,6
scent,6
haze,6
inn,6
armies,6
heal,6
certainly,6
dale,6
cowered,6
inns,6
permitted,6
noble,6
rings,6
echo,6
phial,6
beloved,6
release,5
daring,5
lowering,5
posts,5
flank,5
courteous,5
bringing,5
approaching,5
accept,5
gives,5
begged,5
huts,5
canopy,5
alike,5
courtesy,5
adventures,5
trough,5
unto,5
neat,5
aragorns,5
knocked,5
bottle,5
forgive,5
backs,5
crest,5
refuge,5
thereupon,5
shaped,5
curtain,5
hangings,5
anew,5
fey,5
useful,5
picked,5
sailing,5
uneasy,5
rod,5
scattered,5
scorn,5
wanderer,5
week,5
quicker,5
ones,5
arrayed,5
parched,5
greet,5
sarumans,5
skilled,5
hasten,5
measure,5
manage,5
spirits,5
woody,5
brandywine,5
dreams,5
wielded,5
idea,5
prudence,5
slaying,5
amon,5
heels,5
deeply,5
glinted,5
signs,5
oaths,5
yesterday,5
sharkeys,5
whence,5
ashamed,5
hilt,5
cloth,5
abide,5
mrs,5
claw,5
stead,5
errands,5
arise,5
play,5
flamed,5
sullen,5
gleaming,5
hastened,5
flesh,5
autumn,5
wet,5
banks,5
important,5
townlands,5
poison,5
faced,5
veins,5
elvish,5
paved,5
twinkling,5
haunted,5
lean,5
pay,5
lurking,5
meanwhile,5
towering,5
weak,5
faithful,5
crowned,5
hush,5
archers,5
notes,5
marshal,5
assembled,5
flats,5
doomed,5
udun,5
raiment,5
swirling,5
vales,5
circles,5
descended,5
housed,5
countless,5
ravine,5
hoom,5
fierce,5
clothed,5
steeply,5
rivers,5
pursued,5
whispering,5
devices,5
outthrust,5
month,5
bones,5
crushed,5
wreck,5
shaft,5
slay,5
fellow,5
gloins,5
glittered,5
fly,5
cormallen,5
wave,5
base,5
hasty,5
cutting,5
buckland,5
shrill,5
wilderness,5
smell,5
judged,5
understanding,5
glanced,5
carrying,5
companion,5
planted,5
exclaimed,5
events,5
truly,5
disappeared,5
barred,5
sort,5
glowed,5
tent,5
gloomy,5
hanging,5
fangorn,5
wailing,5
peered,5
oft,5
battles,5
livery,5
shock,5
wandering,5
lifting,5
ponies,5
naur,5
tombs,5
sammath,5
leaned,5
splendid,5
swayed,5
disturbed,5
peering,5
fulfilled,5
unlookedfor,5
prove,5
final,5
mumakil,5
staves,5
bitterness,5
key,5
wearing,5
mithril,5
thatll,5
isle,5
thrice,5
watchful,5
history,5
pains,5
evils,5
office,5
hallows,5
lordship,5
treasure,5
winds,5
bidden,5
orchold,5
brooding,5
ores,5
ridge,5
lesser,5
blows,5
written,5
lucky,5
yell,5
fangs,5
angry,5
boys,5
soldiers,5
twisted,5
marvel,5
prisoner,5
bilbos,5
rid,5
board,5
journeys,5
regions,5
bolt,5
centre,5
confusion,5
post,5
resting,5
filthy,5
shagrats,5
shelob,5
judgement,5
onslaught,5
questions,5
trial,5
breakfast,5
harness,5
minute,5
roll,5
glitter,5
watching,5
ceased,5
sunshine,5
foam,5
memories,5
stable,5
stench,5
darker,5
note,5
rags,5
mess,5
affairs,5
passes,5
boy,5
gorgor,5
fume,5
highest,5
smouldering,5
horseman,5
kingdom,5
hurin,5
gravely,5
gifts,5
reckoning,5
ashen,5
nowhere,5
according,5
elvencloak,5
health,5
beg,5
hed,5
nobody,5
bought,5
shimmer,5
mercy,5
tokens,5
murmur,5
shine,5
crowd,5
morsel,5
worthy,5
proved,5
prey,5
veiled,5
everyone,5
hurts,5
difficult,5
perceived,5
cheer,5
pretty,5
galloped,5
blocked,5
quest,5
gasp,5
reported,5
rumble,5
troop,5
bidding,4
married,4
summit,4
tumult,4
remnant,4
pouch,4
dwarves,4
streaming,4
ringwraith,4
ale,4
southron,4
shame,4
shared,4
ominous,4
brooded,4
rout,4
stammered,4
build,4
study,4
cunning,4
obliged,4
approach,4
evenstar,4
wain,4
draught,4
spot,4
leaping,4
believed,4
midsummer,4
reek,4
returns,4
device,4
october,4
screen,4
sapling,4
afield,4
pleasure,4
outwall,4
september,4
judge,4
striking,4
damage,4
vanguard,4
counselled,4
dog,4
jewel,4
girt,4
lips,4
wherever,4
bastion,4
pure,4
worth,4
wavering,4
sundown,4
arched,4
certain,4
breathe,4
minds,4
sleepy,4
beleaguered,4
sorrowful,4
plodded,4
isildurs,4
bane,4
remains,4
floated,4
bite,4
roar,4
renewed,4
shieldmaiden,4
sailed,4
pyre,4
agreed,4
rooms,4
commands,4
decided,4
hopeful,4
gaped,4
strengthen,4
fever,4
faintly,4
cave,4
kneeling,4
torchlight,4
glens,4
casting,4
fairest,4
unable,4
devilry,4
trenches,4
parts,4
seize,4
digging,4
camps,4
gateway,4
numbers,4
loth,4
welcomed,4
fellowship,4
quail,4
minstrel,4
princes,4
sweating,4
flew,4
dragged,4
shriek,4
jest,4
size,4
mound,4
aloft,4
strove,4
rank,4
ecthelion,4
longed,4
shapely,4
washed,4
starting,4
rebuild,4
discover,4
robin,4
whitfoot,4
shuddering,4
wishes,4
telling,4
anxiously,4
toppled,4
rage,4
foreboding,4
prisoners,4
powers,4
sturdy,4
brick,4
glooms,4
shirriffhouse,4
belfalas,4
issue,4
vaguely,4
swaying,4
scrambled,4
crouching,4
frogmorton,4
clamour,4
heavily,4
makes,4
report,4
wheel,4
sweat,4
baldor,4
brego,4
steaming,4
arrested,4
animal,4
panting,4
creeping,4
begs,4
forts,4
lightly,4
ringwraiths,4
offered,4
overhead,4
goings,4
bagshot,4
deepened,4
marvelled,4
foremost,4
thain,4
loudly,4
ranks,4
denied,4
pools,4
howling,4
elanor,4
thengels,4
leisure,4
creep,4
spies,4
lofty,4
hauled,4
flow,4
summers,4
endured,4
tattered,4
thieving,4
morn,4
tarry,4
mocked,4
clambered,4
waymeet,4
swifter,4
michel,4
delving,4
yellow,4
policies,4
lamp,4
cautiously,4
anguish,4
pierce,4
funeral,4
attack,4
summer,4
rough,4
hey,4
roots,4
ages,4
rejoicing,4
chieftain,4
roadside,4
gulls,4
fences,4
folks,4
piled,4
flickering,4
thickets,4
miserable,4
dunhere,4
weeping,4
youd,4
lurked,4
overlooked,4
chanced,4
unfought,4
yield,4
lanes,4
levels,4
birds,4
threat,4
assail,4
furnaces,4
deepening,4
fence,4
approached,4
test,4
realms,4
visit,4
lanterns,4
greenway,4
useless,4
fifteen,4
forty,4
northwards,4
annun,4
yawning,4
forbidden,4
strayed,4
yea,4
mere,4
cracked,4
cleft,4
accounts,4
achieved,4
catching,4
complete,4
liked,4
stature,4
sees,4
sits,4
crossing,4
rouse,4
latest,4
manned,4
ferny,4
snake,4
travels,4
added,4
mixed,4
aboard,4
wonderful,4
greetings,4
deceive,4
rights,4
heeded,4
appear,4
glimmer,4
immediately,4
fifth,4
visible,4
armour,4
played,4
marble,4
doesnt,4
smite,4
maimed,4
proper,4
shrivelled,4
swan,4
hornburg,4
prevent,4
withdrew,4
mightiest,4
druadan,4
begone,4
discovered,4
sleepless,4
wicked,4
preserved,4
windowslit,4
abyss,4
growled,4
spy,4
muil,4
cleared,4
stick,4
crumbled,4
asunder,4
lightning,4
rocky,4
forced,4
lined,4
doorway,4
stung,4
lieutenant,4
heirs,4
leaving,4
shoot,4
thorns,4
shrouded,4
mailshirt,4
encircling,4
harm,4
designs,4
unchanged,4
breathed,4
wars,4
axe,4
achieve,4
sheathed,4
bowmen,4
kin,4
hated,4
cloven,4
thirty,4
brethren,4
warily,4
troops,4
delay,4
forehead,4
scarlet,4
failing,4
dash,4
aghast,4
tides,4
received,4
couldnt,4
sails,4
stybba,4
stinking,4
deemed,4
stonewain,4
gollums,4
yelled,4
gelin,4
shuffled,4
pinnath,4
thrusting,4
robe,4
claws,4
gripped,4
hirluin,4
shake,4
gaze,4
ethir,4
cursing,4
desired,4
shirefolk,4
hadnt,4
mud,4
arent,4
recognized,4
skies,4
afternoon,4
stayed,4
sped,4
cursed,4
nibs,4
paladin,4
blast,4
anger,4
fetch,4
pipe,4
lordly,4
surprised,4
attempt,4
newcomers,4
mailclad,4
flicker,4
pillars,4
concerning,4
greensward,4
smoking,4
grace,4
famous,4
hissed,4
dressed,4
courtyard,4
porter,4
reward,4
swung,4
spur,4
stronghold,4
contrived,4
shorter,4
mirth,4
image,4
wasted,4
coomb,4
gems,4
blacker,4
fairer,4
thud,4
lingered,4
mouthful,4
ugly,4
rauros,4
hole,4
thief,4
warrior,4
strain,4
welled,4
dug,4
taller,4
child,4
waterbottle,4
garn,4
lembas,4
fulfil,4
maiden,4
overcome,4
grond,4
yielded,4
rung,4
shouldnt,4
flight,4
perian,4
wander,4
dotard,4
share,4
dragging,4
grimbold,3
crickhollow,3
date,3
sentinel,3
sunlit,3
nodded,3
huddled,3
repaid,3
unfurled,3
unwilling,3
cares,3
carach,3
blessedness,3
cracking,3
erect,3
blazing,3
swerved,3
agony,3
fissures,3
secure,3
harvest,3
family,3
slew,3
henneth,3
guthlaf,3
drunk,3
valleys,3
bombadil,3
brambles,3
slunk,3
trampled,3
easily,3
roared,3
realized,3
whos,3
cured,3
sadness,3
renowned,3
movements,3
spite,3
allies,3
clash,3
trudged,3
trotted,3
trickling,3
region,3
barn,3
werent,3
bigger,3
closely,3
angren,3
serpent,3
anxious,3
wheeled,3
daylight,3
waned,3
dwellings,3
provided,3
ted,3
thirsty,3
unheeded,3
sending,3
simple,3
prison,3
barrowdowns,3
blinking,3
wits,3
smials,3
dad,3
untroubled,3
slender,3
garments,3
rabble,3
fiery,3
clung,3
splendour,3
streamed,3
stunned,3
grieve,3
beacon,3
pimples,3
although,3
orcmail,3
carcase,3
reeking,3
overcame,3
pick,3
ear,3
wants,3
van,3
repair,3
deputy,3
entwash,3
shades,3
footmen,3
marshes,3
revenge,3
wold,3
tunic,3
sandyman,3
umbrella,3
grind,3
gilthoniel,3
indoors,3
shelobs,3
circled,3
wounds,3
lust,3
stank,3
scarce,3
untimely,3
prepare,3
reject,3
somethings,3
eomers,3
couple,3
insolence,3
monsters,3
wafer,3
gloating,3
jaws,3
bait,3
push,3
groped,3
band,3
flowered,3
aching,3
bewilderment,3
bred,3
shirriff,3
meats,3
overwhelmed,3
crags,3
custom,3
drear,3
noisome,3
bridgeend,3
earnest,3
blushed,3
horncall,3
weighed,3
kicked,3
recalled,3
squinteyed,3
mithrilcoat,3
defeated,3
recalling,3
oars,3
lighter,3
darken,3
trapdoor,3
dazed,3
mace,3
veils,3
butterburs,3
avoid,3
cousin,3
gloomily,3
archway,3
trench,3
tear,3
riven,3
mend,3
idle,3
nameless,3
unrest,3
reminds,3
weed,3
remove,3
indomitable,3
brigand,3
write,3
fleeting,3
shapeless,3
hateful,3
hurled,3
innumerable,3
cruelly,3
catch,3
defy,3
founded,3
impenetrable,3
furlong,3
slapping,3
witless,3
recovered,3
scored,3
gale,3
woe,3
stabbing,3
cavalry,3
outwalls,3
stepping,3
mountainside,3
hewed,3
stifling,3
jeered,3
happy,3
dunland,3
wielding,3
peoples,3
whips,3
fame,3
hewing,3
stole,3
trailed,3
reluctant,3
mirk,3
wooded,3
subdued,3
kinswoman,3
veil,3
noted,3
load,3
carefully,3
crowning,3
twentyfifth,3
yards,3
merriment,3
hindered,3
crouched,3
nimrodel,3
tremor,3
yelp,3
herbs,3
oil,3
wife,3
landroval,3
pour,3
lawns,3
unexpected,3
unmanned,3
chimney,3
served,3
rat,3
rents,3
loose,3
elendils,3
overhanging,3
bleared,3
herbmaster,3
jolly,3
faster,3
cowering,3
bowls,3
herb,3
pavilions,3
rent,3
unbearable,3
rhymes,3
fouled,3
turmoil,3
latter,3
satisfaction,3
sable,3
boom,3
box,3
tore,3
merely,3
sickness,3
malady,3
smitten,3
laita,3
hoping,3
likewise,3
stairway,3
tis,3
sisters,3
scattering,3
footsore,3
intent,3
seas,3
cost,3
happens,3
tough,3
betray,3
restrain,3
hut,3
hedge,3
nosing,3
files,3
billowing,3
around,3
tend,3
crash,3
altogether,3
throbbing,3
chasms,3
palantir,3
shelf,3
rue,3
miss,3
cheats,3
finish,3
robbed,3
southeast,3
probably,3
backed,3
ar,3
scaring,3
blades,3
recover,3
sway,3
grasp,3
widfara,3
angbor,3
pushed,3
elfhelms,3
dome,3
largest,3
moves,3
wills,3
horny,3
stonework,3
guidance,3
pipeweed,3
drenched,3
watercourse,3
clubs,3
different,3
storey,3
helped,3
gardens,3
draws,3
tunnels,3
knight,3
toiled,3
unveiled,3
heavier,3
befall,3
papers,3
happen,3
hunting,3
clearly,3
villain,3
ruins,3
secretly,3
pleasant,3
invisible,3
leastways,3
remnants,3
pit,3
surging,3
feebly,3
darted,3
handed,3
bruised,3
quickbeam,3
galloping,3
quarrelling,3
gorbags,3
rending,3
roving,3
clanged,3
danced,3
birthday,3
outcompanies,3
watchfires,3
ragged,3
bereft,3
foods,3
keen,3
clearer,3
wolves,3
greedy,3
halting,3
writing,3
mockery,3
breaches,3
linen,3
eh,3
forgetfulness,3
comfortable,3
hats,3
swollen,3
flitting,3
enmity,3
sortie,3
downcast,3
repeated,3
nick,3
northeast,3
perfect,3
clustered,3
bends,3
array,3
sworn,3
housing,3
cups,3
messages,3
torrent,3
powerful,3
fealty,3
willingly,3
camped,3
ciril,3
denethors,3
deserted,3
murmuring,3
starkhorn,3
swathed,3
keenly,3
faltered,3
thirteen,3
marches,3
claimed,3
hereafter,3
chasm,3
groping,3
stands,3
game,3
dimholt,3
fortress,3
kindness,3
page,3
lately,3
refused,3
teach,3
unafraid,3
favour,3
brood,3
utter,3
checked,3
perceive,3
runs,3
stories,3
moria,3
gay,3
sill,3
bench,3
turns,3
shadowy,3
nose,3
dais,3
ered,3
battlements,3
leaning,3
fluttered,3
pavilion,3
pearl,3
waist,3
blushing,3
blank,3
means,3
strewn,3
lasts,3
skins,3
castle,3
sires,3
reckoned,3
ventured,3
rash,3
hardy,3
drained,3
hallow,3
stewardship,3
questioned,3
broader,3
bird,3
especially,3
using,3
graven,3
images,3
colours,3
lift,3
kingship,3
sounding,3
victorious,3
dripped,3
legend,3
spaces,3
concourse,3
stretching,3
seabirds,3
pukelmen,3
upland,3
heath,3
divided,3
delved,3
hunger,3
treat,3
stables,3
twentynine,3
uplands,3
delighted,3
swordthain,3
girth,3
fat,3
cheering,3
weapontake,3
elder,3
pulled,3
tuckborough,3
gilded,3
farms,3
stranger,3
porch,3
weathered,3
title,3
pheriannath,3
lessened,3
lack,3
remaining,3
duilin,3
trampling,3
freely,3
pursuers,3
waylay,3
counted,3
instead,3
joys,3
embraced,3
arathorn,3
ranger,3
outward,3
palm,3
lasted,3
greyeyed,3
isen,3
baggage,3
determined,3
dismal,3
candles,3
wakened,3
dimmed,3
marked,3
darkhaired,3
lampwrights,3
outlands,3
bitterly,3
barns,3
outpost,3
aged,3
slower,3
doubtless,3
drives,3
toil,3
shalt,3
leap,3
mightier,3
dwindled,3
seer,3
sweep,3
slaughter,3
bother,3
brighter,3
appointed,3
pondering,3
bread,3
sore,3
newcomer,3
reaching,3
darkening,3
guest,3
doubted,3
foothills,3
feels,3
hardihood,3
happier,3
grudge,3
comforted,3
wizardry,3
wither,3
openly,3
mirkwood,3
liking,3
barely,3
warn,3
doings,3
cause,3
reforged,3
mouths,3
yestereve,3
astray,3
await,3
streams,3
theodens,3
fully,3
mustering,3
customs,3
rushing,3
minrimmon,3
wheels,3
barriers,3
leaked,3
fare,3
dully,3
wheeling,3
attention,3
holbytla,3
glint,3
fog,3
tomorrows,3
passwords,3
braying,3
eating,3
marshalled,3
surrounded,3
rippling,3
town,3
partly,3
explain,3
speeding,3
nardol,3
flinging,3
tells,3
hammers,3
traitor,3
neighed,3
harp,3
arnen,3
thudding,3
eorlingas,3
fiefs,3
orchards,3
sweeping,2
dragon,2
whitened,2
plunge,2
lounging,2
ablaze,2
besieged,2
chose,2
captives,2
wrestling,2
luthien,2
surrendered,2
ponder,2
mistake,2
fearless,2
coasts,2
pointing,2
youth,2
liegelord,2
person,2
waver,2
crush,2
verge,2
edges,2
threefarthing,2
softened,2
defeat,2
fourteen,2
nicely,2
becoming,2
crumble,2
foresee,2
disquiet,2
wastes,2
outlast,2
footpads,2
erelas,2
honourable,2
polite,2
robbing,2
treason,2
shuddered,2
daresay,2
bees,2
amended,2
obscured,2
blanched,2
adding,2
coverlet,2
stolen,2
raise,2
carrion,2
chances,2
shrinking,2
restrained,2
dislike,2
todo,2
mistaken,2
hardest,2
uppish,2
promise,2
gilrain,2
overtook,2
frail,2
bosss,2
halifirien,2
calenhad,2
net,2
sundered,2
seed,2
woodlands,2
longbottom,2
longplanned,2
inland,2
swagger,2
cockawhoop,2
depths,2
soil,2
fitted,2
bullying,2
deeps,2
wrights,2
skirted,2
string,2
bricks,2
misery,2
painfully,2
butter,2
crashing,2
shirriffleader,2
gushing,2
troll,2
wrinkled,2
reeks,2
lithui,2
jeering,2
anywhere,2
arranged,2
stinging,2
recoiled,2
surety,2
embrasure,2
countries,2
tributary,2
swinging,2
marks,2
brazen,2
shivering,2
scared,2
obey,2
direction,2
apple,2
services,2
value,2
treated,2
tiny,2
fairspoken,2
stamped,2
vague,2
orctower,2
feathers,2
web,2
patience,2
manger,2
constantly,2
lamps,2
fourteenth,2
log,2
desperately,2
westering,2
peer,2
especial,2
stuck,2
angrily,2
shamed,2
dotted,2
outlying,2
tracks,2
ambush,2
cockrobin,2
tops,2
seeming,2
highway,2
begins,2
smallburrow,2
ghylls,2
special,2
lifeless,2
attempted,2
trumpeters,2
watchfulness,2
thicket,2
booty,2
stores,2
southwest,2
northwest,2
foolishness,2
herald,2
readiness,2
wit,2
nostrils,2
skull,2
mask,2
embassy,2
mice,2
demands,2
justice,2
flapping,2
advanced,2
bored,2
rampart,2
maintained,2
vomit,2
blasted,2
slag,2
cloudless,2
parties,2
expecting,2
resolute,2
imloth,2
lily,2
hillock,2
alarm,2
gallant,2
northfarthing,2
disorder,2
variags,2
piles,2
dangling,2
tramp,2
rallied,2
succour,2
bellowing,2
embers,2
stuffed,2
furious,2
mounting,2
tolled,2
deorwine,2
slung,2
capable,2
lesson,2
flitted,2
yelling,2
unsheathing,2
legions,2
unscathed,2
absence,2
tithe,2
gain,2
hailed,2
cheered,2
meres,2
rosies,2
flowering,2
defend,2
ringlo,2
unhorsed,2
hedges,2
blackroot,2
dyed,2
sandpit,2
anduril,2
dourhanded,2
derufin,2
flashing,2
villages,2
displayed,2
respect,2
dearer,2
springing,2
lothos,2
moonlight,2
fours,2
forsaken,2
fewer,2
yule,2
nut,2
grain,2
mallorn,2
fingering,2
shelter,2
pages,2
screamed,2
foundered,2
bearer,2
spurred,2
enjoy,2
clove,2
trick,2
firth,2
hotter,2
cirdan,2
sinking,2
tightened,2
herblore,2
eomunds,2
parth,2
galen,2
felled,2
eowyns,2
clang,2
sparkling,2
struggling,2
sinew,2
backward,2
clearing,2
desires,2
approaches,2
fredegar,2
scary,2
overtaking,2
dreading,2
unaided,2
stirrup,2
cheek,2
secrecy,2
undead,2
columns,2
dusty,2
queens,2
established,2
arnor,2
gladness,2
ashes,2
gets,2
unsheathed,2
state,2
neednt,2
furled,2
ernil,2
strife,2
challenged,2
comings,2
tramping,2
unbidden,2
rightful,2
money,2
width,2
cure,2
mills,2
fullness,2
sandymans,2
graciously,2
cheerless,2
shirriffhouses,2
tookland,2
foreign,2
feather,2
lass,2
melui,2
eilenach,2
vomited,2
bowl,2
rubbed,2
lightened,2
keeps,2
allegiance,2
doughty,2
regretfully,2
loremaster,2
staunch,2
fitting,2
thanked,2
wholesome,2
plants,2
blaze,2
guesthouse,2
balance,2
caressed,2
renegade,2
heedless,2
clasping,2
crackled,2
password,2
rob,2
diminished,2
longfathers,2
uncertain,2
drowsy,2
upstart,2
corn,2
pillow,2
throes,2
longing,2
murdering,2
domination,2
filth,2
raising,2
fuel,2
lobelia,2
contest,2
answerable,2
glances,2
prefer,2
icy,2
wrested,2
patch,2
pavement,2
sink,2
cleaning,2
beregonds,2
fourth,2
wrung,2
cheerful,2
whistled,2
goodness,2
labouring,2
hopefully,2
awakes,2
withdraw,2
charges,2
wager,2
uncommonly,2
deceived,2
fists,2
fighter,2
maidens,2
greed,2
gardener,2
daymeal,2
smooth,2
coiled,2
bind,2
girdle,2
pans,2
add,2
finding,2
oliphaunt,2
keystone,2
highcrowned,2
waterless,2
cheekguards,2
wanderers,2
closefitting,2
drowsed,2
picking,2
fortnight,2
landings,2
bolts,2
takes,2
admitted,2
quays,2
pocket,2
espied,2
various,2
hostile,2
deserved,2
whimpered,2
hedged,2
musstnt,2
smeagol,2
masster,2
crag,2
overhung,2
spotted,2
sloping,2
domed,2
conquer,2
homeless,2
difficulty,2
groaned,2
shifted,2
painful,2
lightnings,2
arguing,2
footsteps,2
pavements,2
sharply,2
mingling,2
kick,2
southeastward,2
stinker,2
behaved,2
nearest,2
anyhow,2
gobbler,2
firelight,2
breeds,2
smiling,2
diary,2
breed,2
bush,2
weathertop,2
reminded,2
movement,2
cluster,2
pathless,2
furthest,2
closer,2
narrower,2
forges,2
nurnen,2
treacherous,2
toiling,2
drops,2
slinking,2
books,2
branches,2
careful,2
slouching,2
slugs,2
uruks,2
murder,2
spied,2
unlike,2
spilled,2
hillside,2
refusing,2
arriving,2
advice,2
breathing,2
durthang,2
angle,2
metal,2
playing,2
spurs,2
notion,2
wretched,2
nasty,2
tier,2
tooth,2
hath,2
rejoice,2
anor,2
belongs,2
lock,2
unescapable,2
stilled,2
hem,2
daily,2
lovely,2
colour,2
loveliness,2
caged,2
warmed,2
sorely,2
sloth,2
eve,2
waves,2
stock,2
answers,2
pray,2
reasons,2
casket,2
drinking,2
kingdoms,2
palfrey,2
sceptre,2
greycloaked,2
lothlorien,2
dn,2
possessed,2
gem,2
herdsmen,2
eastside,2
barrow,2
reverence,2
foretell,2
nimloth,2
swarthy,2
pencils,2
dissolved,2
northway,2
hoomhom,2
penalty,2
manhood,2
blackhanded,2
entdraughts,2
pinnacle,2
aimed,2
eighth,2
glimmered,2
nod,2
boughs,2
downfall,2
meneldor,2
eagle,2
mariners,2
windlord,2
account,2
peak,2
hilltop,2
shooting,2
belched,2
heaved,2
seventh,2
adamant,2
prisons,2
fathoms,2
gloat,2
heat,2
overwhelming,2
missing,2
april,2
bewildered,2
waits,2
observe,2
grima,2
meantime,2
pipes,2
searched,2
oast,2
elventongue,2
hushed,2
deserves,2
betide,2
greyflood,2
turves,2
amidst,2
elronds,2
ringbearers,2
te,2
homecoming,2
eglerio,2
circuit,2
blossom,2
rescued,2
avenue,2
insects,2
gatekeeper,2
interest,2
younger,2
hiss,2
broadheaded,2
buildings,2
rooftop,2
spat,2
alls,2
hugged,2
bleeding,2
turretdoor,2
tarks,2
shirt,2
pinch,2
furnished,2
chairs,2
nar,2
curtained,2
rebel,2
vessels,2
orcvoice,2
snarl,2
stab,2
licked,2
curve,2
loping,2
heap,2
scramble,2
slashed,2
check,2
dawned,2
deadmens,2
la,2
snarling,2
lodge,2
creaked,2
hinges,2
jewels,2
brandybuck,2
visited,2
elvenlord,2
possibly,2
minutes,2
attacked,2
tool,2
orcfashion,2
purposes,2
washing,2
fiercely,2
solemnly,2
throttling,2
moreover,2
gatebreaking,2
travelled,2
regret,2
inward,2
thrones,2
seated,2
venture,2
upward,2
hugging,2
drag,2
warring,2
trowels,2
husbandmen,2
firm,2
darkened,2
flaming,2
sarn,2
sneaks,2
refresh,2
midmorning,2
elfwarrior,2
biting,2
wells,2
ghastly,2
funny,2
necessity,2
hit,2
tight,2
oftener,2
thoroughly,2
gasps,2
mirror,2
wellfed,2
nimble,2
wistfully,2
hearth,2
generous,2
interested,2
concealed,2
hayward,2
strokes,2
snowy,2
changes,2
sprawling,2
flaring,2
befriended,2
headlong,2
curtains,2
echor,2
northaway,2
kine,2
sharing,2
rhun,2
fernys,2
club,2
aught,2
sharpen,2
withstand,2
slowcoach,2
flushed,2
forgot,2
wrap,2
hows,2
extra,2
stray,2
blackfeathered,2
boulders,2
boulder,2
scrambling,2
easterly,2
masterful,2
immeasurable,2
respectable,2
central,2
sip,2
defiance,2
twinkle,2
peeping,2
noises,2
footstool,2
hidingplace,2
slip,2
dried,2
provision,2
mat,2
reeled,2
sprawled,2
barley,2
source,2
forebode,2
taste,2
harry,2
blessing,2
enclosing,2
grimly,2
waylaid,2
soldiery,2
scratched,2
thorny,2
gong,2
disgust,2
puffing,2
alcoves,2
occupied,2
seats,2
chasing,2
whipped,2
ladys,2
earlier,2
sufficient,2
warfare,2
tone,2
majesty,2
disaster,2
outlandish,2
snows,2
stool,2
quarrelled,2
flagon,2
brutes,2
bowlegged,2
mores,2
resolved,2
wail,2
clatter,2
glowing,2
dashed,2
dashing,2
parlour,2
suspicion,2
waymeeting,2
morgulroad,2
jutting,2
debt,2
swear,2
overlate,2
twitching,2
westgate,2
limb,2
shards,2
defending,2
presented,2
wights,2
robbers,2
blinding,2
mantled,2
disappointed,2
pillar,2
amends,2
patient,2
devils,2
thrill,2
eastwards,2
grievously,2
twinkled,2
courses,2
ruefully,2
permit,2
granted,2
poisoned,2
provide,2
midnight,2
globe,2
pursuit,2
planned,2
puzzled,2
forging,2
quenched,2
gnarled,2
jerkin,2
loyal,2
upraised,2
flies,2
safekeeping,2
issued,2
grieves,2
increased,2
missiles,2
asking,2
secrets,2
completed,2
rekindled,2
occasion,2
ants,2
comic,2
excuse,2
fruitless,2
pretended,2
sternly,2
astonishment,2
hangs,2
shorn,2
ominously,2
legends,2
hastening,2
encamped,2
savage,2
grimmer,2
watches,2
uncomfortable,2
shreds,2
somebody,2
craftsmen,2
tread,2
marvellous,2
pupil,2
gorge,2
cleaving,2
squandered,2
westfold,2
dales,2
features,2
wider,2
thickly,2
fuming,2
stumpy,2
needless,2
withdrawn,2
preparing,2
tasted,2
sorcerer,2
apt,2
angmar,2
gurgling,2
brand,2
despite,2
thereafter,2
please,2
grateful,2
pitted,2
rearguard,2
caressing,2
climbs,2
swiftest,2
exchanged,2
firienfeld,2
horsed,2
decision,2
assailing,2
lowly,2
orcfolk,2
presence,2
skilfully,2
stonehouses,2
fixed,2
stonecity,2
householdmen,2
quickened,2
riddles,2
speaks,2
brooch,2
oncoming,2
rimmon,2
burnings,2
windfola,2
opens,2
farsighted,2
roheryn,2
unnoticed,2
leaders,2
throb,2
featureless,2
pause,2
tryst,2
unquiet,2
debated,2
exile,2
deathly,2
converging,2
omen,2
amaze,2
hooded,2
darkest,2
root,2
dealings,2
tormenting,2
dank,2
uncounted,2
contain,2
morrow,2
gust,2
shrank,2
worshipped,2
halfforgotten,2
strongholds,2
bastions,2
swooping,2
swore,2
oathbreakers,2
likes,2
wilt,2
louder,2
covering,2
foretold,2
poisonous,2
skulking,2
fevered,2
coverlets,2
heathen,2
dwells,2
booth,2
errandrider,2
spend,2
dripping,2
siegetowers,2
perceiving,2
painted,2
mindolluins,2
asks,2
unlocked,2
bars,2
loosed,2
raged,2
wishing,2
adventure,2
sets,2
bowshot,2
form,2
touching,2
pall,2
wrenched,2
spell,2
halfseen,2
coastlands,2
creaking,2
searing,2
darkling,2
circlet,2
guided,2
dominion,2
pitched,2
mordors,2
orcchieftain,2
forged,2
gnaws,2
clawing,2
crowed,2
stillness,2
cracks,2
notched,2
mountaintops,2
armouries,2
worlds,2
rend,2
blanket,2
amount,2
admiring,2
summoning,2
shaking,2
urukhai,2
stirrups,2
ram,2
lighten,2
nerveless,2
letting,2
arod,2
blindness,2
vultures,2
hammer,2
imprisoned,2
resistance,2
fornost,2
withstood,2
curses,2
stamping,2
thronged,2
breathless,2
dishonoured,2
marred,2
drooped,2
lidless,2
avail,2
caverns,2
broidered,2
devouring,2
downward,2
feasting,2
reluctantly,2
southkingdom,2
risked,2
shaggy,2
betrayed,2
poised,2
seakings,2
outnumbered,2
uncertainty,2
depends,2
language,2
spoil,2
hallowed,2
overtaken,2
brings,2
foaming,2
swarmed,2
dazzling,2
bristling,2
gathers,2
motionless,2
folde,2
closefurled,2
starless,2
alliance,2
gloaming,2
onward,2
valar,2
defended,2
wins,2
fenmarch,2
monstrous,2
sluggard,2
cowed,2
backwards,2
stretch,2
spending,2
jogged,2
booths,2
startled,2
sterner,2
exchange,2
fleeing,2
defences,2
bannerbearer,2
deepingcoomb,2
overrun,2
yawned,2
hence,2
snuffling,2
meads,2
changing,2
crescent,2
firepits,2
shallow,2
sprung,2
straightway,2
afford,2
wreathed,2
stouthearted,2
midday,2
dunlendings,2
plan,2
summon,2
blasting,2
kinsmen,2
outlier,1
commend,1
vanishing,1
carving,1
ranging,1
clearvoiced,1
harpers,1
fillet,1
harped,1
hemmed,1
players,1
garlands,1
glinting,1
advance,1
argent,1
viols,1
flutes,1
drooping,1
singers,1
scuffling,1
debates,1
periain,1
bleak,1
utulien,1
sinome,1
maruvan,1
hildinyar,1
tenn,1
ambarmetta,1
inheritance,1
mover,1
accomplished,1
viol,1
flute,1
despairing,1
flowerladen,1
reign,1
fountains,1
rejoiced,1
pronounced,1
endorenna,1
earello,1
unexpectedly,1
tamed,1
walks,1
continue,1
instruction,1
spirals,1
lebethron,1
surrender,1
thine,1
valandil,1
et,1
ceremony,1
loremasters,1
earnur,1
loftier,1
seabird,1
emblem,1
orccloak,1
wielder,1
plainer,1
merrily,1
vie,1
subdue,1
outmatch,1
hardened,1
wayward,1
firmness,1
wardens,1
hobbitface,1
yielding,1
heirlooms,1
presage,1
purple,1
glistening,1
raindrop,1
abed,1
gatearch,1
marigold,1
dissuade,1
brothers,1
shines,1
tenderness,1
responsibility,1
yestermorn,1
whitening,1
directions,1
fortresses,1
awaited,1
rimmed,1
nobility,1
gainsaid,1
sling,1
slingstones,1
sicken,1
misunderstand,1
mischances,1
multiply,1
shower,1
pocked,1
belied,1
surface,1
resembled,1
studying,1
ungentle,1
prospered,1
dwindles,1
drabhued,1
hailing,1
revel,1
replace,1
ailing,1
decide,1
distances,1
whitepaved,1
embassies,1
puissant,1
entering,1
admirable,1
pitied,1
fits,1
sorrowless,1
blissful,1
sward,1
nimrais,1
kinds,1
plant,1
guessing,1
summernight,1
birdcall,1
surcoats,1
embroidered,1
queenly,1
blossoming,1
mother,1
foodless,1
finduilas,1
starry,1
houseless,1
manypointed,1
goal,1
worked,1
rustle,1
engulf,1
quiver,1
grooms,1
picture,1
raven,1
judgements,1
encouragement,1
highways,1
bond,1
sisterson,1
leofa,1
walda,1
folca,1
folcwine,1
fengel,1
thengel,1
grants,1
trothplighted,1
underneath,1
slavedriver,1
niggard,1
heals,1
bliss,1
oat,1
holdwine,1
memorial,1
cunningly,1
baldric,1
engraven,1
frealaf,1
westside,1
doorwardens,1
gram,1
forebodes,1
departure,1
highlands,1
evermind,1
eight,1
destiny,1
barrowfield,1
carrionfowl,1
gleowine,1
hooves,1
celebrant,1
burial,1
builder,1
aldor,1
hapless,1
frea,1
freawine,1
goldwine,1
deor,1
tip,1
runes,1
heirloom,1
burarum,1
besaid,1
flinthearted,1
flicked,1
clawfingered,1
foulbellied,1
slavedrivers,1
bloodthirsty,1
morimaite,1
telltale,1
lashes,1
sincahonda,1
vermin,1
laurelindorenan,1
thanks,1
grassland,1
dwellers,1
improved,1
wormcreature,1
caging,1
evileyed,1
inrush,1
hoard,1
treeslayer,1
scatha,1
stirrupcup,1
busied,1
stonecircle,1
impregnable,1
limping,1
mirrored,1
sentinels,1
deserting,1
greenbordered,1
forms,1
birdlike,1
treegarth,1
praised,1
kindle,1
rills,1
dealing,1
risks,1
hi,1
excused,1
plead,1
seagrey,1
petals,1
surveyed,1
onlooker,1
ribbon,1
preserve,1
fade,1
unmingled,1
wombs,1
roadmeeting,1
advancing,1
converged,1
whiplash,1
utuvienyes,1
scion,1
devil,1
slavedriving,1
seedling,1
efforts,1
galathilion,1
telperion,1
ripeness,1
beforehand,1
recovering,1
urging,1
scars,1
banked,1
plucking,1
troopleaders,1
pardoned,1
kerb,1
pronounce,1
grasped,1
remitted,1
princedom,1
heavyarmed,1
ithil,1
fief,1
visiting,1
scuffles,1
plied,1
runner,1
renew,1
drivers,1
jostling,1
marshals,1
ripens,1
uprooted,1
wedded,1
fulfilment,1
thirst,1
partings,1
valinor,1
blossomed,1
mournful,1
dearest,1
wanting,1
nightmare,1
confirm,1
departs,1
trot,1
venturing,1
swooped,1
merethrond,1
feasts,1
ladies,1
speedily,1
brisk,1
undomiel,1
swoop,1
dusky,1
alighted,1
june,1
vow,1
hellhawks,1
sapphire,1
lurched,1
fragrant,1
lash,1
freshener,1
glorfindel,1
erestor,1
newbuilt,1
shroud,1
flicking,1
barest,1
moonless,1
annuminas,1
orcdriver,1
mountainborders,1
screech,1
glade,1
dreadfully,1
wandered,1
violently,1
glaring,1
scale,1
disc,1
shadowfolded,1
rumbling,1
fearfully,1
fissure,1
tense,1
shadowing,1
foundations,1
cavern,1
magnitude,1
consuming,1
choke,1
thread,1
stratagems,1
throughout,1
steerless,1
despaired,1
mournfully,1
gracious,1
befit,1
gentleness,1
explained,1
rivals,1
untouchable,1
commanding,1
progress,1
uttermost,1
insatiable,1
widesplayed,1
brandishing,1
nassty,1
clawed,1
fleshless,1
dusst,1
glades,1
murderous,1
lightening,1
protect,1
passersby,1
enslaved,1
express,1
hurtled,1
forwards,1
rocked,1
orcshirt,1
seared,1
lashing,1
deathknell,1
undisturbed,1
lamplit,1
foundering,1
deepens,1
coiling,1
filing,1
mountainous,1
availed,1
descendants,1
thorondor,1
eyries,1
nightchill,1
haltingly,1
fades,1
inaccessible,1
vassals,1
closeserried,1
elvenrope,1
boring,1
deafening,1
curled,1
dancing,1
weighty,1
prize,1
dimness,1
displeases,1
mountainthrone,1
courts,1
dungeons,1
eyeless,1
concealment,1
unsaid,1
slid,1
melted,1
spires,1
spouting,1
steams,1
befell,1
looped,1
vaults,1
eaves,1
quivering,1
griping,1
crater,1
dreamed,1
hayfields,1
lessen,1
snail,1
drifted,1
scaled,1
confused,1
vaster,1
capped,1
rugged,1
stagger,1
humps,1
snakelike,1
swallow,1
sensed,1
apurpose,1
bygone,1
dregs,1
letters,1
chambers,1
romp,1
pigaback,1
hobbitchild,1
subtleties,1
arguments,1
hazards,1
daylong,1
timeless,1
reappear,1
squatting,1
filtered,1
sheersided,1
rousing,1
follies,1
crosslegged,1
dizziness,1
clumsylimbed,1
lacked,1
pitifully,1
loosely,1
argument,1
firmly,1
venomous,1
hazard,1
shadowmantled,1
breaks,1
paddled,1
restraint,1
ramparts,1
toes,1
rippled,1
willowshades,1
fount,1
preciouss,1
yess,1
uss,1
brook,1
violent,1
heave,1
wrest,1
trodden,1
starved,1
haggard,1
tightdrawn,1
sallow,1
matched,1
prevailed,1
fox,1
tumults,1
bellies,1
repaired,1
cleaned,1
urgency,1
braced,1
dogged,1
rubble,1
compulsion,1
mantling,1
swirled,1
sturdily,1
pinnacles,1
immeasurably,1
mortally,1
inaudibly,1
kindreds,1
dangle,1
turmoils,1
risking,1
mainly,1
assembly,1
soaring,1
flowery,1
halfbowed,1
exclamation,1
mastery,1
ward,1
clamorous,1
highseats,1
southlands,1
relaxed,1
swanprowed,1
faring,1
swelled,1
lengthened,1
everdarkening,1
petty,1
shrugged,1
unashamed,1
temple,1
greathearts,1
borderwar,1
ifs,1
reporting,1
wearily,1
longforgotten,1
satisfy,1
tarienna,1
greenwood,1
ashridden,1
aisle,1
cuio,1
pheriain,1
anann,1
aglarni,1
daur,1
berhael,1
conin,1
en,1
unshaped,1
unfolded,1
mingle,1
andave,1
relied,1
potency,1
laituvalmet,1
cormacolindor,1
overflowed,1
turnings,1
quaked,1
stretches,1
doubtful,1
braided,1
spike,1
elsewhere,1
beats,1
sized,1
girded,1
fastness,1
decay,1
slant,1
clusters,1
cloudy,1
blessedly,1
allows,1
giants,1
builded,1
incalculable,1
eressea,1
elvenhome,1
rushed,1
pot,1
attend,1
risk,1
imlad,1
soils,1
belonged,1
swordbelts,1
circlets,1
everapproaching,1
esquires,1
huddle,1
laughs,1
talks,1
eagerly,1
fluttering,1
crystals,1
picketed,1
charcoal,1
wonders,1
brazier,1
inches,1
mortals,1
private,1
double,1
dividing,1
pier,1
orcshield,1
newplanted,1
twentyfive,1
zirakzigil,1
outmatching,1
outfly,1
undid,1
mountainfield,1
pulling,1
helmet,1
quaking,1
darkleaved,1
steam,1
thunderous,1
cascade,1
ebbing,1
island,1
rifts,1
convulsed,1
engulfed,1
ninefingered,1
rooted,1
sued,1
hating,1
servitude,1
tottered,1
drumming,1
lightningcrowned,1
filling,1
enormous,1
impotent,1
rabbit,1
smites,1
inhabits,1
cookinggear,1
holds,1
purposeless,1
spellenslaved,1
mindless,1
lightless,1
orcgear,1
easterling,1
deepest,1
longest,1
doomand,1
beren,1
onehand,1
sleepyhead,1
resolve,1
sawtoothed,1
cisterns,1
bulk,1
irensaga,1
orcrags,1
silks,1
intervals,1
linens,1
heraldry,1
treasures,1
pines,1
orcroad,1
galadriels,1
stinted,1
beechgrove,1
lawn,1
bordered,1
stately,1
calculate,1
harps,1
shipkeel,1
primeval,1
swordhilt,1
wove,1
mirky,1
farseeing,1
tortured,1
beechen,1
morgulduin,1
wearied,1
deepdelved,1
mused,1
sunny,1
peacefully,1
muddied,1
flooded,1
shaping,1
leafy,1
persuaded,1
stale,1
fenced,1
untrue,1
scimitars,1
greathearted,1
strongest,1
bone,1
sold,1
trapessing,1
taters,1
gentlehobbit,1
hisself,1
gratefully,1
believing,1
mixing,1
weskit,1
ironmongery,1
wears,1
fireraising,1
hobbitry,1
countryside,1
rebellion,1
ruthlessly,1
precautions,1
saddles,1
farmcarts,1
upturned,1
obeyed,1
remainder,1
deafer,1
bursting,1
denying,1
miller,1
distribution,1
leavings,1
lithe,1
stomach,1
ruination,1
biggest,1
hack,1
dirtylooking,1
contraptions,1
glancing,1
hamlets,1
ups,1
grist,1
underharrow,1
ahammering,1
aletting,1
upbourn,1
fond,1
stages,1
cart,1
agoing,1
hagling,1
hew,1
escaping,1
caused,1
brute,1
lopped,1
straw,1
surly,1
millyard,1
grimyfaced,1
ee,1
sneered,1
prattle,1
wallpropping,1
sleepily,1
purse,1
insolent,1
winded,1
shabby,1
cheers,1
unhappily,1
refuse,1
scarred,1
bellchain,1
minstrels,1
knocking,1
rats,1
working,1
clutter,1
quarry,1
gravel,1
dates,1
seventy,1
nineteen,1
girths,1
greenfields,1
tightening,1
consequence,1
happily,1
chapter,1
shirehistorians,1
considerable,1
losses,1
sand,1
responsible,1
collected,1
saddest,1
ugliness,1
straddling,1
overflow,1
grange,1
tarred,1
chestnuts,1
hedgerows,1
protest,1
lording,1
felling,1
southaway,1
stamp,1
farm,1
sturdiest,1
compelling,1
horncry,1
hubbub,1
slamming,1
dogs,1
barked,1
queer,1
exiles,1
fens,1
aint,1
itching,1
unbent,1
grin,1
yard,1
grasping,1
hayfork,1
prodding,1
jumped,1
whereve,1
abashed,1
rascals,1
simply,1
bolder,1
support,1
pat,1
inadequate,1
loaf,1
doled,1
ratfolk,1
worry,1
bullies,1
lazed,1
rascal,1
trolls,1
breeland,1
hornblowing,1
peasants,1
presentable,1
chilled,1
lodges,1
ruining,1
halforcs,1
armourer,1
obeying,1
tempers,1
shocked,1
alight,1
huntingbows,1
villagefolk,1
concerned,1
temper,1
warming,1
ruffianleader,1
foolishly,1
roped,1
tied,1
wilted,1
thankee,1
lookouts,1
kitchen,1
ideas,1
imagine,1
grabbing,1
willowthickets,1
mystery,1
frame,1
malthouses,1
leafplantations,1
wellknit,1
property,1
selling,1
loads,1
losing,1
squad,1
enliven,1
exactly,1
dumbfounded,1
revolt,1
dragons,1
rounds,1
hobbitons,1
orchosts,1
storagetunnels,1
wondering,1
eastborders,1
bows,1
truck,1
unmoved,1
menacing,1
lone,1
prowling,1
nastier,1
noisy,1
burdened,1
hurting,1
neatly,1
arrangements,1
oakwoods,1
tricked,1
wellpleased,1
byre,1
flowername,1
furniture,1
awkward,1
widow,1
weddings,1
resigned,1
presiding,1
banquets,1
finery,1
mailshirts,1
magnificent,1
jovial,1
ordinary,1
attire,1
finely,1
brooches,1
anxiety,1
pained,1
admiration,1
dell,1
fix,1
maidchild,1
luckily,1
maidchildren,1
thirteenth,1
forestry,1
restoring,1
conqueror,1
begotten,1
rare,1
plentiful,1
bathed,1
strawberries,1
cream,1
plumtrees,1
pyramids,1
heaped,1
skulls,1
mow,1
directing,1
vines,1
astonishing,1
malt,1
byword,1
generation,1
pint,1
wellearned,1
mug,1
fourteentwenty,1
addition,1
grand,1
beautifuller,1
amusement,1
sunstar,1
menel,1
aglar,1
elenath,1
starlight,1
gildor,1
elven,1
vilya,1
nenya,1
frosty,1
feasted,1
frodolad,1
rosielass,1
goldilocks,1
mithlond,1
lune,1
highseat,1
shipwright,1
quay,1
awaiting,1
narya,1
succeeded,1
smelled,1
raincurtain,1
miriel,1
penna,1
silivren,1
titles,1
months,1
thursday,1
thirtyone,1
solid,1
writings,1
covers,1
timbers,1
script,1
chapters,1
unfinished,1
compiled,1
walkingsong,1
observations,1
memoirs,1
supplemented,1
learning,1
extracts,1
translated,1
twentyfirst,1
twentysecond,1
oak,1
hazelthickets,1
growth,1
richness,1
delicious,1
finest,1
knuckles,1
hesitated,1
cackled,1
wormtongues,1
grovelled,1
jerked,1
hobbitbows,1
twanged,1
skirt,1
riddance,1
fireencircled,1
foebeleaguered,1
bolger,1
fatty,1
smoked,1
rebels,1
hidings,1
brockenbores,1
gallantly,1
giant,1
cell,1
insisted,1
hobbling,1
sweetness,1
hoofbeats,1
mailcoat,1
undo,1
affection,1
thane,1
hobbitlordlings,1
selves,1
amble,1
wrecked,1
tools,1
dawdling,1
strengthened,1
sharper,1
injuries,1
adrift,1
crowding,1
murderer,1
darkly,1
whoever,1
strikes,1
stains,1
daunt,1
markwardens,1
speediest,1
lordlings,1
clapping,1
popular,1
bracegirdles,1
shale,1
restored,1
discussion,1
sensible,1
hobbitfashion,1
purely,1
joke,1
refer,1
recklessly,1
greatgrandchildren,1
firienwood,1
breezy,1
levelled,1
nursery,1
sparingly,1
saplings,1
specially,1
blamed,1
surpassed,1
wildest,1
sprout,1
bark,1
neighbourhood,1
sheltered,1
restoration,1
hardbottle,1
survivors,1
springshe,1
helping,1
feud,1
harshly,1
feeding,1
act,1
mistenshrouded,1
reduce,1
functions,1
gangs,1
rounded,1
removal,1
swiftmoving,1
apace,1
lasses,1
wellworn,1
gaffers,1
gammers,1
sunlending,1
snugger,1
drier,1
quarries,1
difference,1
chaps,1
trusting,1
stormcrow,1
collect,1
idleness,1
selection,1
arrangement,1
critical,1
homeward,1
bruinen,1
aches,1
unease,1
northeastward,1
unguessed,1
whirled,1
chetwood,1
burdensome,1
southgate,1
frontier,1
cudgel,1
brightened,1
unlocking,1
ruffianly,1
scowled,1
terraces,1
fertile,1
tidying,1
walled,1
poetry,1
oliphaunts,1
shirefashion,1
persons,1
expensive,1
bullroarer,1
produced,1
mouthpieces,1
finewrought,1
presents,1
silly,1
confusing,1
besides,1
bridges,1
trip,1
auction,1
cosy,1
lighted,1
embattled,1
eveningrest,1
chest,1
soundly,1
skirmish,1
stemmed,1
lighthearted,1
unkempt,1
stride,1
boarded,1
uncut,1
southlinch,1
woodfire,1
comments,1
evidence,1
fax,1
underhill,1
whod,1
downright,1
newcome,1
gangrels,1
remembering,1
thievery,1
setto,1
referring,1
heathertoes,1
rowlie,1
appledore,1
pickthorn,1
willie,1
upaway,1
underhills,1
staddle,1
wad,1
stifled,1
quietlike,1
shorthanded,1
prancing,1
outwardly,1
vigilant,1
peeped,1
safety,1
scowl,1
woollypated,1
ninny,1
unguarded,1
portion,1
sunsethour,1
suggest,1
bob,1
bobs,1
repairing,1
bustle,1
anybody,1
landlords,1
careworn,1
disturb,1
disquieted,1
victuals,1
item,1
sample,1
dagorlad,1
unprepared,1
idiot,1
crust,1
slouched,1
whimpering,1
barbed,1
pair,1
urchins,1
lacks,1
pipeful,1
stiffened,1
aided,1
flotsam,1
repayment,1
homesteads,1
rag,1
frozen,1
waylaying,1
wounding,1
orcdragging,1
fancy,1
dumb,1
tilth,1
swanfleet,1
garner,1
poverty,1
fold,1
nostari,1
intricate,1
treebeards,1
forests,1
entings,1
manners,1
shorten,1
fangorns,1
entwood,1
vanimar,1
vanimalion,1
willowmeads,1
schemed,1
tasarinan,1
ent,1
gayer,1
shade,1
jar,1
entwives,1
dwindling,1
whining,1
marish,1
frowns,1
lowlands,1
eyots,1
swans,1
calm,1
punctual,1
dismayed,1
doth,1
marriage,1
invited,1
wedding,1
packing,1
broil,1
cobwebs,1
nets,1
bids,1
celebration,1
meadows,1
worried,1
judges,1
horseback,1
spidery,1
labelled,1
translations,1
bb,1
smaug,1
vintage,1
meals,1
equal,1
reeds,1
converse,1
eregion,1
shimmering,1
caradhras,1
celebdil,1
fanuidhol,1
tarried,1
redhorn,1
dimrill,1
silverlode,1
westways,1
memorials,1
clever,1
unpeopled,1
moors,1
noonmeal,1
pertness,1
shed,1
littered,1
receives,1
pens,1
peaceful,1
upstream,1
goatleaf,1
portents,1
belief,1
guardhouse,1
trespassing,1
shirebuildings,1
bribing,1
punch,1
pimply,1
tomfools,1
mister,1
deals,1
vigil,1
discomfiture,1
absurd,1
insist,1
affair,1
pushing,1
echoes,1
unfit,1
sheepish,1
wrathful,1
interfere,1
outgarrison,1
hobbitonbred,1
awaylaying,1
nonsense,1
gatekeepers,1
assaulting,1
isles,1
november,1
list,1
allowance,1
stocks,1
waggonloads,1
ordeal,1
rejoined,1
hotly,1
orctalk,1
definite,1
clink,1
fagend,1
twofeather,1
unusual,1
rustic,1
muttering,1
twentytwo,1
fleeted,1
eastfold,1
relish,1
caps,1
thankless,1
inclined,1
popping,1
shirriffing,1
flourdumpling,1
handy,1
sulkily,1
chilly,1
spider,1
corridor,1
dawdle,1
arrest,1
horizon,1
hobbitholes,1
weeds,1
fur,1
illfavoured,1
neigh,1
milk,1
innwall,1
slowing,1
sallowfaced,1
belts,1
blocking,1
evillooking,1
crew,1
request,1
mates,1
clipping,1
beckoned,1
soonest,1
hang,1
tie,1
barer,1
eastfarthing,1
minding,1
spywork,1
profit,1
runners,1
whitfurrows,1
direct,1
bridgehouse,1
badly,1
thoughtful,1
damp,1
scrubbed,1
eighteen,1
annoyed,1
colder,1
cavalcade,1
stare,1
getup,1
arrive,1
stumped,1
grate,1
stronglooking,1
strolled,1
gainsaying,1
uncommon,1
nicest,1
chat,1
mondays,1
remind,1
letter,1
reminding,1
recollect,1
horsethieving,1
clothesrail,1
nobs,1
complain,1
curiosity,1
crowded,1
politeness,1
retentive,1
amazing,1
oppressed,1
sunless,1
frowned,1
uncanny,1
rainy,1
merrier,1
beers,1
mugs,1
norbury,1
repeating,1
guardtowers,1
archet,1
wilds,1
gladder,1
helmets,1
aback,1
messes,1
wellarrayed,1
supportable,1
glamdring,1
disturbing,1
erain,1
wastelands,1
decent,1
eleventh,1
doer,1
outsiders,1
camping,1
settling,1
evendim,1
dubious,1
robber,1
errantry,1
weigh,1
surcoat,1
creak,1
bucklander,1
hay,1
dismissed,1
nowadays,1
flares,1
hiring,1
nephew,1
necks,1
seconds,1
position,1
highwayrobber,1
discussed,1
flinched,1
offhand,1
becomes,1
gatherers,1
sharers,1
counting,1
measuring,1
storage,1
tiresome,1
bags,1
onwards,1
recognizing,1
ravenwings,1
shadowless,1
hinting,1
jet,1
dubiously,1
general,1
shortage,1
storming,1
settle,1
trained,1
computed,1
mossgatherer,1
visits,1
slammed,1
vouch,1
faith,1
racing,1
scouring,1
spiked,1
twostoreyed,1
straightsided,1
unshirelike,1
hammered,1
admittance,1
challenging,1
usual,1
subtle,1
birth,1
bivouacked,1
needlecovered,1
brunt,1
shiftings,1
cease,1
remarkable,1
nodding,1
fibre,1
supped,1
prayed,1
pillaging,1
brandybucks,1
ambushing,1
elvensong,1
stalked,1
stroking,1
raiding,1
stonewrights,1
bickering,1
elvenblood,1
mountainsteps,1
amroths,1
pinewoods,1
lawful,1
prays,1
galenas,1
clouded,1
ignored,1
proclaim,1
softer,1
careless,1
throws,1
disobeyed,1
virtues,1
westmansweed,1
vulgar,1
inform,1
hammerstroke,1
reflect,1
frightfully,1
everdeepening,1
nuisance,1
robs,1
unwithered,1
kissing,1
related,1
ass,1
grimness,1
imladris,1
blight,1
manfully,1
steadfast,1
lilies,1
hood,1
mallos,1
alfirin,1
nothingness,1
beware,1
wields,1
anchored,1
overboard,1
chained,1
unmoving,1
celos,1
resist,1
drowned,1
wraiths,1
worsted,1
nobler,1
fragments,1
lengthen,1
foretellings,1
countered,1
future,1
erui,1
defenders,1
strategy,1
duller,1
sighing,1
rot,1
windless,1
mighthavebeens,1
airless,1
windy,1
sealonging,1
beech,1
elm,1
welcoming,1
numerous,1
contested,1
mentioned,1
recking,1
allied,1
hardier,1
powerless,1
guise,1
ninety,1
obedient,1
linhir,1
cock,1
encounter,1
suppertime,1
unwanted,1
unshadowed,1
closeting,1
headaches,1
thankful,1
culled,1
freshness,1
tingled,1
mithrandirs,1
arid,1
dewy,1
mornings,1
assigned,1
wives,1
refreshed,1
haunt,1
noonbells,1
chessboard,1
roses,1
woses,1
imagining,1
pawn,1
exclaim,1
afoot,1
infusion,1
garbled,1
heather,1
rustics,1
smells,1
depressed,1
dame,1
unquenchable,1
darts,1
honoured,1
headmen,1
staunched,1
vital,1
compare,1
valinorean,1
doggrel,1
asea,1
aranion,1
woodcrafty,1
cheerfulness,1
sweeten,1
heaviness,1
fidgeting,1
repeat,1
declared,1
deaths,1
shieldarm,1
swordarm,1
unbroken,1
heavens,1
griefs,1
fates,1
fastnesses,1
leg,1
warmth,1
sheet,1
laved,1
influence,1
heartquelling,1
newmade,1
wing,1
smallest,1
foresaw,1
sunk,1
shepherds,1
cot,1
encircled,1
riddermark,1
bedside,1
greyness,1
curls,1
eyelids,1
trammel,1
hutch,1
bower,1
restlessness,1
unhappiness,1
treeroot,1
elfwrights,1
shortened,1
sap,1
ice,1
bittersweet,1
treeroots,1
blameless,1
uncertainly,1
bewitchment,1
maid,1
dotage,1
ignoble,1
thatched,1
brigands,1
brats,1
scrolls,1
dogshave,1
teacher,1
halfshrouded,1
raids,1
durins,1
roadbuilders,1
standards,1
prevented,1
twilit,1
manful,1
astonished,1
wakefulness,1
prowled,1
leaps,1
valleybottom,1
madmen,1
waxing,1
freshened,1
madman,1
nightwalkers,1
heaps,1
medicine,1
briefly,1
maggotfolk,1
amidmost,1
avoided,1
flags,1
suffice,1
manning,1
retake,1
shouts,1
tunnelled,1
feint,1
wellpaved,1
heaviest,1
waft,1
fitful,1
hover,1
traffic,1
proclaimed,1
forcing,1
mablung,1
enhearten,1
false,1
unreal,1
weakness,1
dimming,1
byres,1
stoop,1
uttering,1
desolation,1
farmsteads,1
descry,1
desolate,1
childhood,1
defile,1
teeming,1
slowed,1
plots,1
menaced,1
ambassador,1
laws,1
boast,1
ambassadors,1
threatened,1
spokesman,1
greybeard,1
wanderings,1
hatching,1
hast,1
balusters,1
manypillared,1
foolish,1
prowess,1
shouldst,1
signed,1
cloths,1
greybeards,1
elvenbrooch,1
mithrilmail,1
marvels,1
whim,1
lanternbeam,1
broods,1
atone,1
hovering,1
moat,1
mire,1
tugging,1
foulsmelling,1
embalmers,1
mourners,1
witness,1
wrongfully,1
pillowed,1
stiffening,1
blackharnessed,1
tables,1
frightful,1
draped,1
vaulted,1
sockets,1
domes,1
numenoreans,1
wisps,1
enamoured,1
sorcery,1
heedfully,1
ridingtrack,1
wellordered,1
straining,1
fainter,1
foreseen,1
smother,1
puts,1
hears,1
studies,1
cloudwall,1
remade,1
wellnigh,1
heeding,1
therein,1
defender,1
costs,1
wisest,1
malbeth,1
rashness,1
ringlord,1
pushes,1
arvedui,1
reawakened,1
openeyed,1
akin,1
ripe,1
uprooting,1
weakest,1
sufficed,1
deepen,1
seacrafty,1
masted,1
hoisted,1
sail,1
prows,1
boomed,1
arisen,1
weaker,1
rumbled,1
crossings,1
wherein,1
sandcastles,1
prudent,1
foundation,1
plight,1
regains,1
counter,1
arising,1
native,1
rattled,1
emissary,1
hardiest,1
succoured,1
mountaintrolls,1
foresttree,1
tumladen,1
trudging,1
bergils,1
workers,1
strengthening,1
ferries,1
boatbridges,1
smithies,1
chains,1
throwing,1
increase,1
protected,1
dispelled,1
carts,1
oxen,1
housings,1
fanfare,1
orchead,1
wash,1
pare,1
scrawls,1
urgently,1
friendless,1
mountainvillages,1
upright,1
rejoin,1
ravaged,1
underworld,1
trembles,1
erebor,1
dain,1
spells,1
nonesave,1
warworthy,1
wolf,1
threaten,1
ravening,1
willow,1
tries,1
awaken,1
apiece,1
jeopardy,1
harried,1
earned,1
represent,1
overtakes,1
despondently,1
wag,1
pleases,1
countryfolk,1
elvenlords,1
reap,1
goaded,1
alien,1
flecked,1
smoulder,1
ashengrey,1
wedges,1
discomfiting,1
blenched,1
onlookers,1
mustered,1
neighing,1
sack,1
rape,1
seatang,1
gothmog,1
kinsfolk,1
fray,1
destruction,1
outriders,1
khand,1
halftrolls,1
clashed,1
waxed,1
joining,1
howe,1
northkingdom,1
knit,1
sinews,1
speartruncheons,1
shift,1
pounded,1
wards,1
lightfoots,1
foal,1
snowmanes,1
bearers,1
loosen,1
encumber,1
quenching,1
rein,1
sundownbells,1
forgetful,1
leeches,1
brightburnished,1
vambrace,1
tips,1
bowing,1
scoring,1
proudest,1
bough,1
throbbed,1
foresighted,1
unlooked,1
joyful,1
timely,1
unfaithful,1
avenge,1
warhardened,1
quarter,1
homestead,1
duinhir,1
drown,1
narsil,1
dervorin,1
woodland,1
grimslade,1
northlands,1
afterward,1
maker,1
stoningland,1
thengling,1
pastures,1
harding,1
deceives,1
unlovely,1
lengthwise,1
rally,1
dromunds,1
greenclad,1
huorns,1
bellying,1
truer,1
fisherfolk,1
enheartened,1
hillmen,1
mayhap,1
golasgil,1
shieldwall,1
veer,1
brooks,1
equipped,1
assented,1
scantily,1
battered,1
sorts,1
langstrand,1
trollmen,1
anfalas,1
anvil,1
grandsires,1
consumed,1
writhed,1
dwimmerlaik,1
croaking,1
blackmantled,1
orome,1
dismounting,1
god,1
tire,1
unharmed,1
battlefury,1
breaker,1
horsetail,1
lamentation,1
folding,1
devoured,1
supposing,1
strangest,1
thundered,1
deathless,1
outpaced,1
unneeded,1
conquered,1
bonds,1
slowkindled,1
fingered,1
dunadan,1
branch,1
grovelling,1
displaying,1
northmen,1
herds,1
knighthood,1
firebolt,1
siegeengines,1
slackened,1
slipping,1
unslain,1
blotted,1
scream,1
uncovered,1
quill,1
pinions,1
horned,1
thongs,1
reins,1
wailed,1
outstayed,1
eyrie,1
cometh,1
nursed,1
rises,1
swordday,1
splintered,1
dernhelms,1
poking,1
forgiven,1
mutter,1
flaw,1
warning,1
brokenly,1
parchment,1
rolls,1
wartowers,1
alcove,1
pacing,1
twentyfour,1
grimbolds,1
mourn,1
overmuch,1
shutter,1
ink,1
brushed,1
northgate,1
everybody,1
numbed,1
pricked,1
unchallenged,1
freedom,1
kiss,1
shrink,1
shrieking,1
beak,1
bothered,1
blench,1
needle,1
steelblade,1
outstretched,1
drifting,1
outspread,1
crumpled,1
venom,1
shearing,1
saddled,1
slink,1
tottering,1
bodiless,1
swallowed,1
hasufel,1
owl,1
wreckage,1
blinded,1
herefara,1
herubrand,1
fastred,1
headman,1
sideways,1
misfortune,1
bury,1
rayed,1
stakes,1
regained,1
shrewdly,1
battlefield,1
scores,1
elvenfair,1
displeasure,1
doorstep,1
silvergrey,1
startling,1
whitwell,1
horseroad,1
tallest,1
faraway,1
greyhued,1
burns,1
leechcraft,1
subject,1
stonehousefolk,1
uncle,1
obtained,1
halfburned,1
overthrew,1
tricks,1
rumoured,1
wrestle,1
delayed,1
footpace,1
pinned,1
orchost,1
horsemens,1
carcases,1
stonecast,1
carve,1
beastflesh,1
jetsam,1
litters,1
pillows,1
bared,1
ascent,1
agelong,1
meaningless,1
iorlas,1
forever,1
span,1
vigour,1
purer,1
envinyatar,1
saluting,1
moss,1
chin,1
lumpy,1
accepted,1
straggled,1
mountainroads,1
spake,1
wisewoman,1
morsels,1
renewer,1
baffled,1
scanty,1
telcontar,1
explore,1
hairs,1
hazy,1
amiss,1
carrier,1
market,1
squat,1
celerdain,1
bestowed,1
spray,1
shimmered,1
shortlegged,1
pillared,1
tenders,1
fronted,1
abate,1
shifting,1
manywindowed,1
directed,1
widest,1
alleys,1
stealth,1
ashgrey,1
uncouth,1
prevail,1
pitch,1
unripe,1
guttural,1
strongwilled,1
unused,1
cities,1
models,1
fatarmed,1
considered,1
badge,1
mould,1
pukelshapes,1
greybearded,1
knock,1
thicklimbed,1
stonefolks,1
faggots,1
throaty,1
moaned,1
hurrah,1
grandsire,1
trance,1
whereas,1
unwary,1
campingplaces,1
weaponhoards,1
filed,1
writhen,1
assembling,1
trumpetblast,1
horseway,1
didst,1
knowest,1
ignorance,1
earththunder,1
blackhelmed,1
strangerlad,1
sparing,1
leaguefellows,1
arnach,1
squatted,1
mountainshadows,1
dew,1
law,1
everybodys,1
lusting,1
acted,1
clattered,1
seizing,1
incoming,1
loyalty,1
swarthier,1
hillpony,1
grimfaced,1
gleams,1
staining,1
battleaxes,1
wellarmed,1
outlaw,1
curious,1
vanity,1
arises,1
edged,1
skyfields,1
weave,1
obedience,1
unhappy,1
comrades,1
gaily,1
comrade,1
clapped,1
flurry,1
unabated,1
loneliness,1
eastmountains,1
wafts,1
tending,1
citadelgate,1
challenger,1
politer,1
forefront,1
strung,1
averted,1
unforeseen,1
presume,1
limits,1
gondors,1
roughhaired,1
throng,1
esteem,1
wouldst,1
supplant,1
anarion,1
chamberlain,1
wainroad,1
masking,1
saluted,1
dignity,1
denies,1
woodman,1
halved,1
abated,1
faithfully,1
surrenders,1
hadst,1
stealest,1
recreant,1
snatched,1
survive,1
hoods,1
withering,1
imps,1
accustomed,1
brat,1
incline,1
waning,1
dropping,1
payment,1
furlongs,1
perching,1
exposed,1
rockwalls,1
rays,1
multiplied,1
discern,1
spurt,1
snapping,1
hue,1
firwoods,1
shattering,1
peal,1
gratitude,1
ironshod,1
citygate,1
fortunately,1
gulf,1
depth,1
cord,1
suddenness,1
orcfeet,1
homely,1
rummaged,1
disliked,1
formed,1
unfurl,1
tarlangs,1
budge,1
elvencake,1
worrying,1
winters,1
disguise,1
steeped,1
ancalima,1
threaded,1
inch,1
calembel,1
elvenglass,1
township,1
hobbithand,1
radiance,1
torrents,1
aiya,1
elenion,1
rattle,1
landed,1
reminder,1
grimed,1
orcrag,1
warmer,1
chiefly,1
fastened,1
breached,1
buttresses,1
everlasting,1
overmatched,1
ladyship,1
tattering,1
fifteenth,1
unslung,1
speck,1
strip,1
blueshadowed,1
hearten,1
redstained,1
araw,1
munching,1
sloped,1
mardil,1
track,1
poorly,1
ungrateful,1
crunch,1
briars,1
tangle,1
mountainsides,1
bushes,1
sucking,1
softsighing,1
hoof,1
aknown,1
bands,1
aput,1
captive,1
wire,1
fugitives,1
clinging,1
smouldered,1
waterfalls,1
briar,1
delighting,1
dizzy,1
swooned,1
accused,1
pineclad,1
plucked,1
foodbag,1
belie,1
daunted,1
deer,1
salver,1
mountainfields,1
reformed,1
keener,1
reading,1
hamlet,1
musings,1
hasnt,1
odd,1
fumbled,1
sputtering,1
reduced,1
snatching,1
panted,1
fist,1
bemused,1
leering,1
pawing,1
slobbering,1
pressing,1
altered,1
rubbing,1
terrified,1
stripped,1
mock,1
flows,1
orcshape,1
straddled,1
enclosed,1
whiphand,1
headdown,1
deathlike,1
tripped,1
ladderhead,1
shrewd,1
swoon,1
shielding,1
grassgrown,1
washes,1
whipweal,1
southland,1
mockingly,1
liege,1
imagined,1
nightfears,1
happiness,1
cakes,1
champion,1
sleeve,1
easiest,1
dress,1
telltales,1
stabbingsword,1
orchelmets,1
cap,1
hoops,1
beaklike,1
noseguard,1
morgulstuff,1
vengeance,1
boldat,1
outran,1
oathbreaking,1
mordorfashion,1
surprisingly,1
orchelm,1
wry,1
inquiries,1
henceforth,1
plenty,1
swanknights,1
thronging,1
gallop,1
nohow,1
broadbladed,1
fullsized,1
ringmail,1
shadowmen,1
orcstuff,1
unclasped,1
unslinging,1
lent,1
unearthly,1
lend,1
reappeared,1
sparks,1
import,1
landing,1
career,1
unawares,1
prying,1
trystingplace,1
screeched,1
heaving,1
contents,1
hairy,1
breeches,1
unclean,1
beastfell,1
patrols,1
narrows,1
vorondil,1
loped,1
traceries,1
sneak,1
inset,1
vaulting,1
messed,1
pinching,1
castoff,1
paddling,1
capitals,1
trackers,1
thems,1
fighters,1
peaching,1
sneakthief,1
shriekers,1
freeze,1
monoliths,1
friendliness,1
stirring,1
upheld,1
quarrel,1
aisles,1
rebeltalk,1
raided,1
packed,1
fightingorc,1
impossible,1
regiments,1
sonorous,1
thornbrakes,1
rashly,1
orcvoices,1
stunted,1
blackskinned,1
sire,1
oppose,1
desiring,1
bosses,1
solemn,1
richly,1
trace,1
snufflers,1
snotty,1
noses,1
storied,1
blames,1
dwarfman,1
strongly,1
reproachfully,1
boats,1
breadth,1
ducked,1
choosing,1
hobbitcare,1
rocksteps,1
waterfall,1
witches,1
clambering,1
intend,1
gladden,1
refilled,1
jumping,1
lineage,1
orcblade,1
gable,1
lids,1
robbery,1
assemble,1
propped,1
mordordark,1
screened,1
disastrous,1
dreaded,1
trusted,1
expects,1
scanned,1
perchance,1
additional,1
truant,1
troubling,1
map,1
clearest,1
sixty,1
trudge,1
halts,1
hint,1
birdsnesting,1
sheerly,1
instruct,1
earthwall,1
abandon,1
branched,1
chorus,1
orcholds,1
smoky,1
polished,1
unheralded,1
plod,1
plodding,1
illboding,1
captured,1
wildox,1
hooked,1
ringed,1
marges,1
scrubby,1
coarse,1
grasstussocks,1
mosses,1
writhing,1
tangled,1
evermounting,1
handful,1
barbs,1
riverbed,1
grating,1
rattling,1
maggotridden,1
buds,1
dun,1
eyeshaped,1
blotch,1
buzzed,1
briarthickets,1
midges,1
threads,1
twain,1
avenging,1
unbelievable,1
skyless,1
trackless,1
orcpath,1
swordhilts,1
belching,1
opposing,1
timid,1
gulfs,1
greathilted,1
unjust,1
unmistakable,1
beginnings,1
gully,1
omens,1
illfated,1
uses,1
streamlet,1
badness,1
unpleasant,1
oily,1
replenished,1
broadening,1
precipices,1
orcgears,1
waving,1
saving,1
slumber,1
thundercloud,1
knob,1
unadorned,1
loathing,1
towns,1
nest,1
noticing,1
drab,1
morgulway,1
mention,1
shelving,1
slaveworked,1
rallying,1
waggontrains,1
awe,1
mines,1
retreating,1
musterings,1
argonath,1
feelers,1
massing,1
floats,1
hollows,1
formless,1
slate,1
craggy,1
curved,1
rockface,1
rumbles,1
unlightened,1
ivory,1
meat,1
sipped,1
tang,1
insupportable,1
immensity,1
sly,1
defeats,1
nightsky,1
beetles,1
cloudwrack,1
tor,1
barges,1
screes,1
sliding,1
grassless,1
cat,1
fun,1
tiptoe,1
acquainted,1
tossed,1
cruelty,1
savagely,1
hacking,1
whinnied,1
lodgings,1
butteries,1
premonition,1
blundering,1
mountainvales,1
flee,1
bubbling,1
mar,1
accents,1
bridged,1
merged,1
excellent,1
roofed,1
unchecked,1
needlessly,1
belike,1
molten,1
orccries,1
devious,1
channels,1
consent,1
stealthily,1
outlet,1
thong,1
cage,1
revived,1
bridle,1
vapours,1
welter,1
herded,1
desperation,1
newly,1
sharpened,1
bunched,1
dense,1
retraced,1
spoiling,1
flanks,1
veritably,1
irrevocable,1
handle,1
afresh,1
searching,1
tirelessly,1
cooled,1
conscious,1
waxes,1
enlarged,1
distorted,1
unblessed,1
choices,1
forbear,1
tempted,1
gnawing,1
fantasies,1
hero,1
unthanked,1
racked,1
untameable,1
flocking,1
overthrow,1
unconquered,1
hobbitsense,1
core,1
visions,1
cheat,1
tearless,1
notions,1
cake,1
posture,1
nighteyed,1
dragonshapes,1
masonry,1
fortunes,1
tormented,1
glared,1
stark,1
survey,1
tiers,1
refreshment,1
mountainwall,1
jutted,1
diminishing,1
hounded,1
manyeyed,1
battlemented,1
southeastern,1
nuncheon,1
rift,1
towergate,1
grant,1
narchost,1
carchost,1
belong,1
unsleeping,1
tame,1
servingwoman,1
boasted,1
crouches,1
engaged,1
fencing,1
bandy,1
crave,1
sue,1
clemency,1
rearward,1
treating,1
faithless,1
basket,1
muzzle,1
fen,1
wicker,1
slavered,1
strangling,1
platters,1
madly,1
wooden,1
flickers,1
sluice,1
newdrawn,1
smothering,1
consider,1
hollen,1
orcpassage,1
beunless,1
dwarfcoat,1
elfcloak,1
downfallen,1
ratland,1
shirenay,1
gladdened,1
conspiracy,1
sport,1
arts,1
contrive,1
wizened,1
rated,1
mansions,1
eyed,1
deluded,1
solely,1
curves,1
wantonly,1
tyrant,1
demand,1
delivery,1
haggling,1
proffered,1
ordering,1
whined,1
hatch,1
hovered,1
drynurse,1
undergate,1
embalmed,1
faltering,1
clamouring,1
ached,1
phantom,1
bonfire,1
falter,1
perishing,1
imrahils,1
targon,1
buttery,1
elvenlight,1
supposed,1
storehouse,1
hatches,1
shirereckoning,1
unpraised,1
alley,1
hamfasts,1
crushing,1
burying,1
crumbles,1
cheese,1
raced,1
charging,1
intertwining,1
characters,1
beastly,1
mires,1
hilltrolls,1
earn,1
mesh,1
scales,1
bucklers,1
knotted,1
waded,1
smiths,1
overborne,1
trollchief,1
throats,1
apples,1
vitals,1
despairs,1
hobbitlike,1
remorse,1
cow,1
campaigner,1
ducking,1
belly,1
unconquerable,1
limp,1
thickness,1
stairdoor,1
goodly,1
airy,1
smeared,1
slaver,1
protruding,1
eluding,1
sheen,1
linked,1
clenching,1
unclenching,1
unlock,1
hoards,1
haft,1
whispers,1
event,1
hindmost,1
slash,1
maggotholes,1
unfigured,1
basins,1
knifed,1
damaged,1
flout,1
squeeze,1
radbug,1
surlily,1
swine,1
lagduf,1
muzgash,1
wellclad,1
fingerbones,1
dung,1
sparely,1
throttled,1
lugburz,1
guts,1
goingson,1
simbelmyne,1
morgulrats,1
swag,1
convulsion,1
bloodyhanded,1
unbreakable,1
satisfied,1
shadowsound,1
hideandseek,1
winterthickets,1
snatches,1
roamed,1
glimpses,1
tune,1
bud,1
finches,1
beeches,1
elvenstars,1
branching,1
elfs,1
bearded,1
tinkle,1
ho,1
dunghill,1
squeaking,1
battalions,1
passagethreshold,1
breakfasts,1
impatience,1
uprising,1
abandoned,1
steadied,1
tunes,1
childish,1
knifeedged,1
overcounted,1
cowing,1
elfcountries,1
growling,1
baring,1
higharched,1
fungusgrowth,1
disdained,1
guttering,1
questioning,1
taught,1
sprouted,1
filtering,1
trickle,1
rill,1
spawned,1
finally,1
passagefloor,1
horribly,1
arrived,1
sputtered,1
quavering,1
maggot,1
brutal,1
courtly,1
wroth,1
abode,1
forbid,1
entry,1
hardening,1
jerk,1
staggering,1
bosom,1
bar,1
fling,1
frontdoor,1
elfsword,1
blocks,1
orcarchers,1
unheard,1
sticking,1
singly,1
pairs,1
grappling,1
baranor,1
underground,1
slippery,1
liveries,1
immovable,1
clawlike,1
darting,1
mastering,1
firneedles,1
diningroom,1
linger,1
shrug,1
dismiss,1
phantoms,1
descend,1
diminish,1
shrunk,1
glen,1
ledge,1
vulturefaces,1
inverted,1
mealtimes,1
unlit,1
patrol,1
covet,1
protection,1
er,1
obstacle,1
clutches,1
vapour,1
disfigured,1
dinner,1
uttered,1
sobbing,1
haunts,1
unreckoned,1
garnets,1
descent,1
bony,1
rhyme,1
casts,1
quelling,1
gush,1
toppling,1
intently,1
brackets,1
occasional,1
pump,1
marvellously,1
winch,1
rope,1
towertop,1
yells,1
catapults,1
fiercest,1
severed,1
branded,1
chase,1
tail,1
heartened,1
openings,1
overtake,1
carrionbirds,1
backwardslike,1
grip,1
rap,1
clearcut,1
emptiness,1
drip,1
screw,1
pitiless,1
fightwith,1
pawns,1
choking,1
holiday,1
tilled,1
clattering,1
gasping,1
bloodshot,1
humour,1
pleasing,1
homewards,1
